delta_club_goals,delta_club_tacklesWon,delta_club_blocks,delta_club_totalPasses,delta_tps_p_goals,delta_tps_p_assists,delta_tps_p_totalPasses,delta_tps_p_cleanSheets,delta_ply_sum_rank,delta_ply_sum_value,delta_ply_mean_rank,delta_ply_mean_value,delta_mv_Rank,delta_mv_ValueAug1EUR,delta_mv_CurrentValueEUR,delta_mv_ChangePct,delta_mv_Arrivals,delta_mv_Departures,delta_mvply_sum,delta_mvply_mean,delta_mvply_count,delta_mgr_TenureDays,delta_prev_rank,delta_prev_pts,delta_trf_arrivals,delta_trf_spend_in,delta_trf_departures,delta_trf_spend_out,delta_trf_net_spend,p_home,p_draw,p_away,home_slug,away_slug,home,away,md,date,pH_model,pD_model,pA_model,pH_blend,pD_blend,pA_blend,exp_pts_home,exp_pts_away
4.0,-4.0,13.0,1370.0,0.0,3.0,217.0,-2.0,,,,,-10.0,619550000.0,737000000.0,17.0,-5.0,-6.0,870000000.0,35833333.33333333,11.0,-336.0,-10.0,16.0,,,,,,,,,liverpool,bournemouth,Liverpool,AFC Bournemouth,1,2025-08-15,0.8715941706031956,0.12159030004476219,0.006815529352042213,0.0,0.0,0.0,0.0,0.0
,,,,,,,,,,,,2.0,-124900000.0,-112050000.0,1.2999999999999998,5.0,6.0,-106000000.0,-10233333.333333336,-1.0,-362.0,-3.0,2.0,,,,,,,,,aston villa,newcastle united,Aston Villa,Newcastle United,1,2025-08-16,0.4043786501987731,0.26835970385998825,0.32726164594123863,0.0,0.0,0.0,0.0,0.0
,,,,,,,,,,,,-6.0,245000000.0,124600000.0,-21.7,18.0,15.0,,,,-1080.0,-6.0,11.0,,,,,,,,,brighton and hove albion,fulham,Brighton and Hove Albion,Fulham,1,2025-08-16,0.66826010676628,0.31055451250239136,0.021185380731328647,0.0,0.0,0.0,0.0,0.0
,,,,,,,,,,,,,,,,,,,,,192.0,,,,,,,,,,,sunderland,west ham united,Sunderland,West Ham United,1,2025-08-16,0.45323636195126227,0.2410885367560959,0.30567510129264186,0.0,0.0,0.0,0.0,0.0
,,,,,,,,,,,,-15.0,596200000.0,664950000.0,11.2,-9.0,-6.0,,,,-342.0,-6.0,17.0,,,,,,,,,tottenham hotspur,burnley,Tottenham Hotspur,Burnley,1,2025-08-16,0.5115014132256883,0.21546974548607603,0.2730288412882356,0.0,0.0,0.0,0.0,0.0
-5.0,44.0,13.0,-1653.0,,,,,,,,,15.0,-1001000000.0,-902200000.0,9.6,-3.0,3.0,-998000000.0,-24875000.0,-15.0,-3093.0,11.0,-17.0,,,,,,,,,wolverhampton wanderers,manchester city,Wolverhampton Wanderers,Manchester City,1,2025-08-16,0.2832349628532939,0.14002192029367597,0.5767431168530301,0.0,0.0,0.0,0.0,0.0
3.0,-40.0,-2.0,1639.0,4.0,3.0,403.0,0.0,,,,,-7.0,713800000.0,647800000.0,-2.1000000000000005,10.0,10.0,585000000.0,16363636.363636367,9.0,-104.0,-1.0,3.0,,,,,,,,,chelsea,crystal palace,Chelsea,Crystal Palace,1,2025-08-17,0.7499760739636394,0.08523090142161424,0.16479302461474635,0.0,0.0,0.0,0.0,0.0
,,,,,,,,,,,,5.0,-427800000.0,-581800000.0,-16.700000000000003,-2.0,-2.0,-642000000.0,-16847058.823529407,-7.0,-1786.0,13.0,-20.0,,,,,,,,,manchester united,arsenal,Manchester United,Arsenal,1,2025-08-17,0.22608284273239446,0.035573597804823984,0.7383435594627816,0.0,0.0,0.0,0.0,0.0
,,,,,,,,,,,,-4.0,59300000.0,188800000.0,28.900000000000002,7.0,7.0,,,,555.0,2.0,-3.0,,,,,,,,,nottingham forest,brentford,Nottingham Forest,Brentford,1,2025-08-17,0.4576948403125945,0.17871164056042615,0.3635935191269793,0.0,0.0,0.0,0.0,0.0
,,,,,,,,,,,,3.0,-67900000.0,-72300000.0,0.5,-2.0,-4.0,,,,557.0,14.0,-33.0,,,,,,,,,leeds united,everton,Leeds United,Everton,1,2025-08-18,0.49766187446616755,0.14478161772509687,0.3575565078087357,0.0,0.0,0.0,0.0,0.0
,,,,,,,,,,,,10.0,-783350000.0,-708300000.0,3.5000000000000004,-6.0,-6.0,-635000000.0,-21363636.363636367,-10.0,-220.0,12.0,-18.0,,,,,,,,,west ham united,chelsea,West Ham United,Chelsea,2,2025-08-22,0.21809707745777765,0.030071957417432862,0.7518309651247894,0.0,0.0,0.0,0.0,0.0
4.0,-10.0,-13.0,0.0,,,,,,,,,-4.0,101450000.0,55200000.0,-11.7,7.0,-1.0,0.0,0.0,0.0,537.0,-3.0,6.0,,,,,,,,,bournemouth,wolverhampton wanderers,AFC Bournemouth,Wolverhampton Wanderers,2,2025-08-23,0.03383961605683261,0.375825629236994,0.5903347547061735,0.0,0.0,0.0,0.0,0.0
,,,,,,,,,,,,-17.0,1047700000.0,1033700000.0,-8.200000000000001,-1.0,0.0,,,,1290.0,-20.0,40.0,,,,,,,,,arsenal,leeds united,Arsenal,Leeds United,2,2025-08-23,0.8228620819752597,0.17586635181408575,0.0012715662106545164,0.0,0.0,0.0,0.0,0.0
0.0,28.0,2.0,-1428.0,2.0,0.0,0.0,-1.0,,,,,3.0,-178300000.0,-154800000.0,4.6,-2.0,-5.0,,,,-965.0,4.0,-3.0,,,,,,,,,brentford,aston villa,Brentford,Aston Villa,2,2025-08-23,0.2594644260276203,0.2523388821869794,0.4881966917854002,0.0,0.0,0.0,0.0,0.0
-1.0,0.0,12.0,-1358.0,2.0,-2.0,-212.0,0.0,,,,,,,,,,,,,,-4.0,,,,,,,,,,,burnley,sunderland,Burnley,Sunderland,2,2025-08-23,0.43569896934183416,0.48135750275088185,0.08294352790728396,0.0,0.0,0.0,0.0,0.0
,,,,,,,,,,,,-3.0,487900000.0,338900000.0,-13.899999999999999,1.0,1.0,497000000.0,19791666.666666664,4.0,3268.0,-14.0,23.0,,,,,,,,,manchester city,tottenham hotspur,Manchester City,Tottenham Hotspur,2,2025-08-23,0.8447311239855475,0.11270527147836222,0.04256360453609032,0.0,0.0,0.0,0.0,0.0
,,,,,,,,,,,,3.0,10200000.0,-148800000.0,-35.6,-6.0,-6.0,-50000000.0,-1666666.6666666642,-1.0,-62.0,-7.0,6.0,,,,,,,,,crystal palace,nottingham forest,Crystal Palace,Nottingham Forest,2,2025-08-24,0.6506956690656946,0.3400591583226179,0.00924517261168752,0.0,0.0,0.0,0.0,0.0
,,,,,,,,,,,,5.0,-236400000.0,-93500000.0,28.2,-5.0,-4.0,-30000000.0,10000000.0,-1.0,-210.0,1.0,-1.0,,,,,,,,,everton,brighton and hove albion,Everton,Brighton and Hove Albion,2,2025-08-24,0.4444108977011281,0.2513297450185474,0.30425935728032455,0.0,0.0,0.0,0.0,0.0
,,,,,,,,,,,,10.0,-560600000.0,-410700000.0,17.900000000000002,-8.0,-5.0,,,,1229.0,-2.0,3.0,,,,,,,,,fulham,manchester united,Fulham,Manchester United,2,2025-08-24,0.1460568264755527,0.03622260606712943,0.8177205674573179,0.0,0.0,0.0,0.0,0.0
,,,,,,,,,,,,4.0,-350100000.0,-460950000.0,-12.6,-3.0,-1.0,-581000000.0,-20999999.999999993,-6.0,936.0,8.0,-12.0,,,,,,,,,newcastle united,liverpool,Newcastle United,Liverpool,2,2025-08-25,0.10814761616350417,0.14716247639027838,0.7446899074462174,0.0,0.0,0.0,0.0,0.0
,,,,,,,,,,,,-12.0,838400000.0,742500000.0,-9.200000000000001,21.0,16.0,,,,-1068.0,-9.0,14.0,,,,,,,,,chelsea,fulham,Chelsea,Fulham,3,2025-08-30,0.5810609695453888,0.2766784061167292,0.14226062433788195,0.0,0.0,0.0,0.0,0.0
,,,,,,,,,,,,11.0,-417600000.0,-362750000.0,13.3,4.0,3.0,,,,-603.0,13.0,-32.0,,,,,,,,,leeds united,newcastle united,Leeds United,Newcastle United,3,2025-08-30,0.5859698040141704,0.0609997924879776,0.353030403497852,0.0,0.0,0.0,0.0,0.0
,,,,,,,,,,,,-14.0,656300000.0,522050000.0,-12.000000000000002,-11.0,-9.0,,,,-129.0,-8.0,21.0,,,,,,,,,manchester united,burnley,Manchester United,Burnley,3,2025-08-30,0.2473448275048719,0.6310007107547747,0.12165446174035334,0.0,0.0,0.0,0.0,0.0
5.0,-28.0,-13.0,1358.0,-2.0,2.0,212.0,1.0,,,,,,,,,,,,,,361.0,,,,,,,,,,,sunderland,brentford,Sunderland,Brentford,3,2025-08-30,0.2836172632876316,0.0018303421167916824,0.7145523945955767,0.0,0.0,0.0,0.0,0.0
,,,,,,,,,,,,-8.0,411650000.0,508100000.0,16.0,-5.0,-3.0,501000000.0,5083333.333333336,11.0,-712.0,6.0,-12.0,,,,,,,,,tottenham hotspur,bournemouth,Tottenham Hotspur,AFC Bournemouth,3,2025-08-30,0.4475141887177339,0.12357983927406686,0.42890597200819924,0.0,0.0,0.0,0.0,0.0
-5.0,13.0,-5.0,0.0,,,,,,,,,2.0,-21200000.0,-40800000.0,-5.500000000000001,-5.0,1.0,-10000000.0,-10000000.0,0.0,23.0,6.0,-11.0,,,,,,,,,wolverhampton wanderers,everton,Wolverhampton Wanderers,Everton,3,2025-08-30,0.4266511876356306,0.4318525550630555,0.14149625730131404,0.0,0.0,0.0,0.0,0.0
-4.0,-40.0,-1.0,1428.0,0.0,0.0,0.0,-1.0,,,,,-2.0,108800000.0,114800000.0,2.0999999999999996,1.0,4.0,133000000.0,-400000.0,3.0,472.0,1.0,0.0,,,,,,,,,aston villa,crystal palace,Aston Villa,Crystal Palace,3,2025-08-31,0.5508208893825841,0.3392709165426017,0.10990819407481422,0.0,0.0,0.0,0.0,0.0
,,,,,,,,,,,,8.0,-743400000.0,-767900000.0,-13.099999999999998,7.0,6.0,-958000000.0,-24875000.0,-14.0,-2906.0,4.0,-5.0,,,,,,,,,brighton and hove albion,manchester city,Brighton and Hove Albion,Manchester City,3,2025-08-31,0.14840237091914646,0.011887085727878319,0.8397105433529752,0.0,0.0,0.0,0.0,0.0
2.0,30.0,-1.0,106.0,0.0,1.0,217.0,-2.0,,,,,2.0,-280000000.0,-210000000.0,7.5,0.0,-2.0,-240000000.0,8186274.509803921,-5.0,-1623.0,-1.0,4.0,,,,,,,,,liverpool,arsenal,Liverpool,Arsenal,3,2025-08-31,0.5373893584331646,0.3859977195554483,0.0766129220113872,0.0,0.0,0.0,0.0,0.0
,,,,,,,,,,,,-6.0,59350000.0,209300000.0,34.2,2.0,2.0,100000000.0,6666666.666666664,2.0,386.0,-4.0,9.0,,,,,,,,,nottingham forest,west ham united,Nottingham Forest,West Ham United,3,2025-08-31,0.5408919394698802,0.1115403860066557,0.3475676745234641,0.0,0.0,0.0,0.0,0.0
,,,,,,,,,,,,3.0,-156150000.0,-79100000.0,10.999999999999998,-3.0,-4.0,-40000000.0,0.0,-1.0,350.0,4.0,-6.0,,,,,,,,,bournemouth,brighton and hove albion,AFC Bournemouth,Brighton and Hove Albion,4,2025-09-13,0.3209035786549444,0.23037961560295356,0.448716805742102,0.0,0.0,0.0,0.0,0.0
,,,,,,,,,,,,-7.0,874000000.0,749000000.0,-29.7,-7.0,-5.0,1010000000.0,20980392.156862743,14.0,1459.0,-10.0,12.0,,,,,,,,,arsenal,nottingham forest,Arsenal,Nottingham Forest,4,2025-09-13,0.8041385613235297,0.19083338134545524,0.005028057331015071,0.0,0.0,0.0,0.0,0.0
-7.0,28.0,3.0,-1639.0,-2.0,-3.0,-403.0,-2.0,,,,,8.0,-783300000.0,-687800000.0,8.8,-11.0,-11.0,,,,-389.0,6.0,-6.0,,,,,,,,,brentford,chelsea,Brentford,Chelsea,4,2025-09-13,0.014657412246926495,0.750821732962924,0.23452085479014947,0.0,0.0,0.0,0.0,0.0
-1.0,40.0,12.0,-1358.0,0.0,-2.0,-212.0,1.0,,,,,,,,,,,,,,132.0,,,,,,,,,,,crystal palace,sunderland,Crystal Palace,Sunderland,4,2025-09-13,0.25354783442345646,0.007930845922344228,0.7385213196541994,0.0,0.0,0.0,0.0,0.0
5.0,31.0,7.0,-1428.0,2.0,4.0,0.0,-1.0,,,,,6.0,-224800000.0,-178400000.0,11.5,1.0,1.0,-173000000.0,5400000.0,-4.0,-798.0,2.0,-1.0,,,,,,,,,everton,aston villa,Everton,Aston Villa,4,2025-09-13,0.29767485985858005,0.30251179391687766,0.3998133462245423,0.0,0.0,0.0,0.0,0.0
,,,,,,,,,,,,-2.0,59300000.0,41200000.0,-7.000000000000001,-11.0,-7.0,,,,733.0,-9.0,23.0,,,,,,,,,fulham,leeds united,Fulham,Leeds United,4,2025-09-13,0.0817431990096169,0.6657542923016657,0.25250250868871726,0.0,0.0,0.0,0.0,0.0
,,,,,,,,,,,,-10.0,370900000.0,331250000.0,-7.3,-1.0,-8.0,289000000.0,14833333.333333336,5.0,1137.0,-5.0,10.0,,,,,,,,,newcastle united,wolverhampton wanderers,Newcastle United,Wolverhampton Wanderers,4,2025-09-13,0.37593001323183717,0.32319635718435225,0.30087362958381053,0.0,0.0,0.0,0.0,0.0
,,,,,,,,,,,,9.0,-445450000.0,-519400000.0,-11.0,5.0,2.0,-501000000.0,-5083333.333333336,-11.0,154.0,-1.0,3.0,,,,,,,,,west ham united,tottenham hotspur,West Ham United,Tottenham Hotspur,4,2025-09-13,0.27368669233490894,0.10239706012101792,0.6239162475440732,0.0,0.0,0.0,0.0,0.0
-4.0,-30.0,-1.0,-1370.0,0.0,-3.0,-217.0,1.0,,,,,17.0,-804100000.0,-893850000.0,-12.2,9.0,9.0,,,,-34.0,22.0,-45.0,,,,,,,,,burnley,liverpool,Burnley,Liverpool,4,2025-09-14,0.12097424792351644,0.005004123719144503,0.8740216283573391,0.0,0.0,0.0,0.0,0.0
,,,,,,,,,,,,-4.0,427800000.0,481800000.0,9.3,3.0,4.0,530000000.0,14075000.0,6.0,3055.0,-12.0,19.0,,,,,,,,,manchester city,manchester united,Manchester City,Manchester United,4,2025-09-14,0.9379765490666722,0.026496118494659115,0.03552733243866877,0.0,0.0,0.0,0.0,0.0
,,,,,,,,,,,,5.0,-255500000.0,-429000000.0,-27.0,8.0,7.0,-461000000.0,-5083333.333333336,-10.0,362.0,-10.0,18.0,,,,,,,,,brighton and hove albion,tottenham hotspur,Brighton and Hove Albion,Tottenham Hotspur,5,2025-09-20,0.5886916722136369,0.3729471001921218,0.03836122759424117,0.0,0.0,0.0,0.0,0.0
,,,,,,,,,,,,12.0,-210100000.0,-354850000.0,-34.4,2.0,2.0,,,,-198.0,11.0,-29.0,,,,,,,,,burnley,nottingham forest,Burnley,Nottingham Forest,5,2025-09-20,0.49273186371053806,0.09732710071271057,0.40994103557675143,0.0,0.0,0.0,0.0,0.0
,,,,,,,,,,,,4.0,-55100000.0,-54700000.0,0.40000000000000013,-10.0,-5.0,,,,1457.0,3.0,-8.0,,,,,,,,,fulham,brentford,Fulham,Brentford,5,2025-09-20,0.6014507503486703,0.05671662353211326,0.34183262611921644,0.0,0.0,0.0,0.0,0.0
3.0,-1.0,-5.0,1370.0,0.0,-1.0,217.0,0.0,,,,,-12.0,699800000.0,751400000.0,-0.20000000000000107,-3.0,-6.0,860000000.0,25833333.33333333,11.0,224.0,-7.0,11.0,,,,,,,,,liverpool,everton,Liverpool,Everton,5,2025-09-20,0.6958950502666152,0.2288970365192539,0.07520791321413094,0.0,0.0,0.0,0.0,0.0
,,,,,,,,,,,,2.0,-277800000.0,-331800000.0,-8.700000000000001,-13.0,-11.0,-167000000.0,-10563636.363636367,-1.0,-161.0,11.0,-17.0,,,,,,,,,manchester united,chelsea,Manchester United,Chelsea,5,2025-09-20,0.34689270383978993,0.05060490079853645,0.6025023953616736,0.0,0.0,0.0,0.0,0.0
,,,,,,,,,,,,3.0,-69550000.0,-60500000.0,1.4,4.0,4.0,-50000000.0,-5000000.0,-1.0,-324.0,11.0,-15.0,,,,,,,,,west ham united,crystal palace,West Ham United,Crystal Palace,5,2025-09-20,0.45972173959464313,0.18222239552812322,0.35805586487723373,0.0,0.0,0.0,0.0,0.0
,,,,,,,,,,,,-1.0,46700000.0,31500000.0,-6.000000000000001,-3.0,5.0,,,,-534.0,-8.0,22.0,,,,,,,,,wolverhampton wanderers,leeds united,Wolverhampton Wanderers,Leeds United,5,2025-09-20,0.21501458841779383,0.5631808386743529,0.2218045729078533,0.0,0.0,0.0,0.0,0.0
,,,,,,,,,,,,6.0,-269450000.0,-276050000.0,-4.4,8.0,7.0,-289000000.0,-14833333.333333336,-5.0,-600.0,2.0,-4.0,,,,,,,,,bournemouth,newcastle united,AFC Bournemouth,Newcastle United,5,2025-09-21,0.3690667474175521,0.3828141356506438,0.24811911693180413,0.0,0.0,0.0,0.0,0.0
1.0,0.0,14.0,-389.0,-1.0,2.0,-214.0,2.0,,,,,-1.0,0.0,100000000.0,7.3999999999999995,-1.0,-2.0,112000000.0,2772058.8235294074,1.0,-1269.0,-1.0,1.0,,,,,,,,,arsenal,manchester city,Arsenal,Manchester City,5,2025-09-21,0.2328509737746658,0.2300995758938158,0.5370494503315184,0.0,0.0,0.0,0.0,0.0
5.0,0.0,-11.0,-70.0,0.0,2.0,212.0,0.0,,,,,,,,,,,,,,-604.0,,,,,,,,,,,sunderland,aston villa,Sunderland,Aston Villa,5,2025-09-21,0.25092244648762796,0.0024603371087667074,0.7466172164036053,0.0,0.0,0.0,0.0,0.0
,,,,,,,,,,,,6.0,-505500000.0,-356000000.0,17.5,2.0,0.0,,,,-228.0,-5.0,11.0,,,,,,,,,brentford,manchester united,Brentford,Manchester United,6,2025-09-27,0.22330891713713258,0.11206443925995667,0.6646266436029108,0.0,0.0,0.0,0.0,0.0
,,,,,,,,,,,,-6.0,593400000.0,617900000.0,12.499999999999998,3.0,1.0,595000000.0,21363636.363636367,9.0,12.0,-3.0,3.0,,,,,,,,,chelsea,brighton and hove albion,Chelsea,Brighton and Hove Albion,6,2025-09-27,0.5657610218318341,0.1167819565612842,0.31745702160688183,0.0,0.0,0.0,0.0,0.0
-4.0,10.0,-1.0,-1370.0,-2.0,-3.0,-217.0,2.0,,,,,8.0,-583800000.0,-687800000.0,-13.399999999999999,1.0,1.0,-820000000.0,-30833333.33333333,-10.0,102.0,4.0,-10.0,,,,,,,,,crystal palace,liverpool,Crystal Palace,Liverpool,6,2025-09-27,0.08037436180416052,0.1635796357879884,0.756046002407851,0.0,0.0,0.0,0.0,0.0
,,,,,,,,,,,,5.0,-148150000.0,-86700000.0,17.700000000000003,-4.0,-4.0,,,,-3.0,11.0,-28.0,,,,,,,,,leeds united,bournemouth,Leeds United,AFC Bournemouth,6,2025-09-27,0.22137881095019674,0.08885468383090421,0.689766505218899,0.0,0.0,0.0,0.0,0.0
1.0,0.0,-12.0,1653.0,1.0,0.0,214.0,-1.0,,,,,-18.0,1084100000.0,1003850000.0,-2.7,-8.0,-5.0,,,,2926.0,-20.0,40.0,,,,,,,,,manchester city,burnley,Manchester City,Burnley,6,2025-09-27,0.8736276761873158,0.1261711211597077,0.000201202652976499,0.0,0.0,0.0,0.0,0.0
,,,,,,,,,,,,,,,,,,,,,194.0,,,,,,,,,,,nottingham forest,sunderland,Nottingham Forest,Sunderland,6,2025-09-27,0.46956036350000213,0.2338906739621565,0.29654896253784124,0.0,0.0,0.0,0.0,0.0
,,,,,,,,,,,,-12.0,513100000.0,563300000.0,4.3,2.0,-4.0,501000000.0,5083333.333333336,11.0,-175.0,3.0,-6.0,,,,,,,,,tottenham hotspur,wolverhampton wanderers,Tottenham Hotspur,Wolverhampton Wanderers,6,2025-09-27,0.6518912033113641,0.222121104131764,0.12598769255687187,0.0,0.0,0.0,0.0,0.0
,,,,,,,,,,,,-7.0,233400000.0,209500000.0,-5.0,12.0,10.0,,,,-492.0,-7.0,11.0,,,,,,,,,aston villa,fulham,Aston Villa,Fulham,6,2025-09-28,0.6708334854783029,0.15454264537505855,0.17462386914663852,0.0,0.0,0.0,0.0,0.0
,,,,,,,,,,,,6.0,-630100000.0,-670950000.0,-5.1,-3.0,-3.0,-821000000.0,-12813725.490196072,-11.0,-687.0,7.0,-8.0,,,,,,,,,newcastle united,arsenal,Newcastle United,Arsenal,6,2025-09-28,0.20314682336549827,0.1918589491055835,0.6049942275289182,0.0,0.0,0.0,0.0,0.0
,,,,,,,,,,,,1.0,-46450000.0,-3100000.0,12.200000000000001,-2.0,1.0,10000000.0,10000000.0,0.0,-2.0,-8.0,14.0,,,,,,,,,everton,west ham united,Everton,West Ham United,6,2025-09-29,0.8105702752435204,0.036208358206963,0.15322136654951637,0.0,0.0,0.0,0.0,0.0
,,,,,,,,,,,,-3.0,88850000.0,45500000.0,-10.700000000000001,15.0,11.0,,,,-730.0,-2.0,5.0,,,,,,,,,bournemouth,fulham,AFC Bournemouth,Fulham,7,2025-09-29,0.7331514355125274,0.04333846915038641,0.22351009533708635,0.0,0.0,0.0,0.0,0.0
,,,,,,,,,,,,-13.0,933350000.0,958300000.0,4.5,-5.0,-3.0,1110000000.0,27647058.823529407,16.0,1845.0,-14.0,21.0,,,,,,,,,arsenal,west ham united,Arsenal,West Ham United,7,2025-10-04,0.9684490074744923,0.025138092332618878,0.0064129001928889895,0.0,0.0,0.0,0.0,0.0
-1.0,-30.0,-3.0,269.0,2.0,0.0,186.0,2.0,,,,,1.0,130000000.0,-40000000.0,-15.5,11.0,11.0,-235000000.0,-14469696.969696961,-1.0,-2.0,3.0,-7.0,,,,,,,,,chelsea,liverpool,Chelsea,Liverpool,7,2025-10-04,0.23496572393767257,0.46054781273858003,0.30448646332374746,0.0,0.0,0.0,0.0,0.0
,,,,,,,,,,,,13.0,-559800000.0,-594800000.0,1.700000000000001,1.0,-1.0,,,,709.0,5.0,-16.0,,,,,,,,,leeds united,tottenham hotspur,Leeds United,Tottenham Hotspur,7,2025-10-04,0.06630944653691327,0.08511136269827686,0.8485791907648098,0.0,0.0,0.0,0.0,0.0
,,,,,,,,,,,,,,,,,,,,,-133.0,,,,,,,,,,,manchester united,sunderland,Manchester United,Sunderland,7,2025-10-04,0.2537760877097643,0.3274978887061311,0.41872602358410455,0.0,0.0,0.0,0.0,0.0
-4.0,0.0,-1.0,1428.0,-2.0,0.0,0.0,0.0,,,,,-11.0,329100000.0,320850000.0,0.8999999999999995,-7.0,-4.0,,,,608.0,-17.0,35.0,,,,,,,,,aston villa,burnley,Aston Villa,Burnley,7,2025-10-05,0.20203859955501072,0.6001035768989544,0.19785782354603484,0.0,0.0,0.0,0.0,0.0
-5.0,28.0,13.0,-1653.0,-1.0,0.0,-214.0,0.0,,,,,10.0,-933300000.0,-837800000.0,8.2,-1.0,-4.0,,,,-3283.0,7.0,-8.0,,,,,,,,,brentford,manchester city,Brentford,Manchester City,7,2025-10-05,0.2491350558226197,0.2379804966714941,0.5128844475058861,0.0,0.0,0.0,0.0,0.0
1.0,-9.0,6.0,0.0,2.0,4.0,0.0,-2.0,,,,,4.0,-116000000.0,-63600000.0,13.600000000000001,2.0,5.0,-40000000.0,5000000.0,-1.0,-326.0,3.0,-1.0,,,,,,,,,everton,crystal palace,Everton,Crystal Palace,7,2025-10-05,0.4974564656764668,0.33652922689944503,0.16601430742408826,0.0,0.0,0.0,0.0,0.0
,,,,,,,,,,,,-1.0,243900000.0,78050000.0,-34.8,-10.0,-8.0,189000000.0,8166666.666666672,3.0,772.0,-3.0,4.0,,,,,,,,,newcastle united,nottingham forest,Newcastle United,Nottingham Forest,7,2025-10-05,0.4595812618320196,0.5231228680731637,0.017295870094816743,0.0,0.0,0.0,0.0,0.0
,,,,,,,,,,,,7.0,-257600000.0,-134300000.0,22.7,-10.0,-3.0,-40000000.0,0.0,-1.0,-187.0,7.0,-12.0,,,,,,,,,wolverhampton wanderers,brighton and hove albion,Wolverhampton Wanderers,Brighton and Hove Albion,7,2025-10-05,0.49386294102864337,0.03965069684356218,0.4664863621277944,0.0,0.0,0.0,0.0,0.0
,,,,,,,,,,,,3.0,-113300000.0,-196950000.0,-15.399999999999999,11.0,11.0,-249000000.0,-14833333.333333336,-4.0,-950.0,-2.0,2.0,,,,,,,,,brighton and hove albion,newcastle united,Brighton and Hove Albion,Newcastle United,8,2025-10-05,0.6554281880976989,0.16556366480755197,0.17900814709474913,0.0,0.0,0.0,0.0,0.0
,,,,,,,,,,,,2.0,-36400000.0,-70150000.0,-12.9,8.0,7.0,,,,-367.0,1.0,-1.0,,,,,,,,,burnley,leeds united,Burnley,Leeds United,8,2025-10-05,0.386813657221944,0.2728743677258276,0.34031197505222843,0.0,0.0,0.0,0.0,0.0
0.0,6.0,12.0,0.0,-2.0,0.0,0.0,0.0,,,,,-2.0,35750000.0,49200000.0,3.6000000000000005,-4.0,-5.0,50000000.0,5000000.0,1.0,-234.0,-6.0,6.0,,,,,,,,,crystal palace,bournemouth,Crystal Palace,AFC Bournemouth,8,2025-10-05,0.3804083868478551,0.3736127385886636,0.24597887456348122,0.0,0.0,0.0,0.0,0.0
,,,,,,,,,,,,15.0,-988400000.0,-992500000.0,1.2000000000000002,-10.0,-7.0,,,,-557.0,11.0,-17.0,,,,,,,,,fulham,arsenal,Fulham,Arsenal,8,2025-10-05,0.13563861690894508,0.14088942374882424,0.7234719593422306,0.0,0.0,0.0,0.0,0.0
0.0,-31.0,-18.0,1653.0,1.0,-4.0,214.0,0.0,,,,,-13.0,979800000.0,861400000.0,-15.100000000000001,-2.0,-2.0,988000000.0,14875000.0,15.0,3116.0,-5.0,6.0,,,,,,,,,manchester city,everton,Manchester City,Everton,8,2025-10-05,0.5402292895969025,0.4597009937102682,6.971669282927489e-05,0.0,0.0,0.0,0.0,0.0
,,,,,,,,,,,,4.0,-724000000.0,-499000000.0,37.7,-4.0,-4.0,-535000000.0,-14696969.696969703,-8.0,166.0,8.0,-9.0,,,,,,,,,nottingham forest,chelsea,Nottingham Forest,Chelsea,8,2025-10-05,0.24013796819259503,0.13492650837755263,0.6249355234298524,0.0,0.0,0.0,0.0,0.0
5.0,-44.0,-13.0,1358.0,,,,,,,,,,,,,,,,,,171.0,,,,,,,,,,,sunderland,wolverhampton wanderers,Sunderland,Wolverhampton Wanderers,8,2025-10-05,0.6329124854978063,0.0023903203679856875,0.36469719413420787,0.0,0.0,0.0,0.0,0.0
,,,,,,,,,,,,-3.0,147800000.0,371800000.0,24.200000000000003,2.0,0.0,402000000.0,25033333.33333333,2.0,163.0,-14.0,24.0,,,,,,,,,liverpool,manchester united,Liverpool,Manchester United,8,2025-10-19,0.7094867623371379,0.014655075631310134,0.275858162031552,0.0,0.0,0.0,0.0,0.0
,,,,,,,,,,,,-4.0,267100000.0,344100000.0,10.3,-2.0,-2.0,318000000.0,483333.3333333358,7.0,-950.0,11.0,-18.0,,,,,,,,,tottenham hotspur,aston villa,Tottenham Hotspur,Aston Villa,8,2025-10-19,0.1667621137506307,0.0854450852895566,0.7477928009598126,0.0,0.0,0.0,0.0,0.0
,,,,,,,,,,,,2.0,-50000.0,-20500000.0,-5.3,5.0,5.0,,,,169.0,6.0,-12.0,,,,,,,,,west ham united,brentford,West Ham United,Brentford,8,2025-10-20,0.27674462916594256,0.3785192020068781,0.34473616882717933,0.0,0.0,0.0,0.0,0.0
,,,,,,,,,,,,4.0,-114350000.0,-75400000.0,12.700000000000001,-4.0,-3.0,,,,555.0,6.0,-19.0,,,,,,,,,leeds united,west ham united,Leeds United,West Ham United,9,2025-10-20,0.09929983279180284,0.10730867005659993,0.7933914971515972,0.0,0.0,0.0,0.0,0.0
-8.0,-2.0,0.0,-1370.0,0.0,-3.0,-217.0,0.0,,,,,9.0,-653300000.0,-727800000.0,-6.699999999999999,0.0,0.0,,,,-391.0,9.0,-13.0,,,,,,,,,brentford,liverpool,Brentford,Liverpool,9,2025-10-25,0.25239238326775437,0.23921247862551343,0.5083951381067322,0.0,0.0,0.0,0.0,0.0
2.0,0.0,10.0,281.0,4.0,1.0,191.0,1.0,,,,,,,,,,,,,,28.0,,,,,,,,,,,chelsea,sunderland,Chelsea,Sunderland,9,2025-10-25,0.7882724321850264,0.04756461358813297,0.16416295422684063,0.0,0.0,0.0,0.0,0.0
,,,,,,,,,,,,-4.0,315600000.0,286100000.0,3.799999999999997,-10.0,-10.0,428000000.0,10800000.0,8.0,-149.0,8.0,-14.0,,,,,,,,,manchester united,brighton and hove albion,Manchester United,Brighton and Hove Albion,9,2025-10-25,0.4183328871712416,0.03144131155856618,0.5502258012701923,0.0,0.0,0.0,0.0,0.0
,,,,,,,,,,,,-9.0,358300000.0,321550000.0,-6.3,7.0,4.0,,,,-130.0,-4.0,9.0,,,,,,,,,newcastle united,fulham,Newcastle United,Fulham,9,2025-10-25,0.313768860118294,0.2905873112365126,0.3956438286451933,0.0,0.0,0.0,0.0,0.0
,,,,,,,,,,,,5.0,-25550000.0,-198000000.0,-39.2,-2.0,-1.0,-100000000.0,-6666666.666666664,-2.0,172.0,-1.0,0.0,,,,,,,,,bournemouth,nottingham forest,AFC Bournemouth,Nottingham Forest,9,2025-10-26,0.6656534607642339,0.31379800430387966,0.02054853493188629,0.0,0.0,0.0,0.0,0.0
2.0,-40.0,2.0,1264.0,2.0,2.0,0.0,0.0,,,,,-10.0,863800000.0,897800000.0,5.8999999999999995,-1.0,1.0,1060000000.0,22647058.823529407,15.0,1521.0,-3.0,6.0,,,,,,,,,arsenal,crystal palace,Arsenal,Crystal Palace,9,2025-10-26,0.5019835230732971,0.4143984167946739,0.0836180601320291,0.0,0.0,0.0,0.0,0.0
-5.0,0.0,11.0,-225.0,-3.0,0.0,-214.0,1.0,,,,,7.0,-755000000.0,-683000000.0,3.5999999999999996,1.0,1.0,-815000000.0,-20275000.0,-11.0,-2318.0,3.0,-5.0,,,,,,,,,aston villa,manchester city,Aston Villa,Manchester City,9,2025-10-26,0.304685313715641,0.2011302872381718,0.49418439904618733,0.0,0.0,0.0,0.0,0.0
,,,,,,,,,,,,10.0,-491900000.0,-522500000.0,1.200000000000001,3.0,3.0,-491000000.0,4916666.666666664,-11.0,152.0,-9.0,17.0,,,,,,,,,everton,tottenham hotspur,Everton,Tottenham Hotspur,9,2025-10-26,0.45523381113295375,0.06180138751768328,0.48296480134936287,0.0,0.0,0.0,0.0,0.0
-4.0,44.0,1.0,0.0,,,,,,,,,-3.0,83100000.0,101650000.0,6.8999999999999995,-11.0,-2.0,,,,-167.0,-9.0,23.0,,,,,,,,,wolverhampton wanderers,burnley,Wolverhampton Wanderers,Burnley,9,2025-10-26,0.40685829071669993,0.3889852224809625,0.20415648680233753,0.0,0.0,0.0,0.0,0.0
,,,,,,,,,,,,-8.0,304300000.0,165800000.0,-28.7,7.0,8.0,,,,-347.0,-15.0,34.0,,,,,,,,,brighton and hove albion,leeds united,Brighton and Hove Albion,Leeds United,10,2025-10-26,0.5732964472170017,0.4222415589148066,0.004461993868191713,0.0,0.0,0.0,0.0,0.0
-2.0,0.0,-2.0,-1264.0,0.0,-2.0,0.0,-1.0,,,,,19.0,-1084100000.0,-1103850000.0,-4.699999999999999,9.0,7.0,,,,-1657.0,21.0,-41.0,,,,,,,,,burnley,arsenal,Burnley,Arsenal,10,2025-10-26,0.009771366114776945,0.24607136806530966,0.7441572658199134,0.0,0.0,0.0,0.0,0.0
4.0,12.0,-1.0,0.0,-2.0,0.0,0.0,2.0,,,,,-1.0,69500000.0,40000000.0,-6.699999999999999,1.0,1.0,,,,493.0,-5.0,3.0,,,,,,,,,crystal palace,brentford,Crystal Palace,Brentford,10,2025-10-26,0.25442875017332917,0.4933263595245708,0.2522448903021001,0.0,0.0,0.0,0.0,0.0
,,,,,,,,,,,,-1.0,12600000.0,9700000.0,-0.9999999999999998,-8.0,-12.0,,,,1267.0,-1.0,1.0,,,,,,,,,fulham,wolverhampton wanderers,Fulham,Wolverhampton Wanderers,10,2025-10-26,0.1946075645036153,0.3778491220555732,0.42754331344081137,0.0,0.0,0.0,0.0,0.0
8.0,30.0,2.0,-58.0,2.0,3.0,217.0,-1.0,,,,,-6.0,475000000.0,573000000.0,11.3,-2.0,-5.0,687000000.0,31233333.33333333,7.0,-574.0,-5.0,10.0,,,,,,,,,liverpool,aston villa,Liverpool,Aston Villa,10,2025-10-26,0.5995287348426508,0.19986176097804012,0.20060950417930914,0.0,0.0,0.0,0.0,0.0
1.0,-34.0,0.0,1653.0,1.0,0.0,214.0,-2.0,,,,,-11.0,899550000.0,847000000.0,2.1000000000000005,-4.0,-2.0,998000000.0,24875000.0,15.0,2556.0,-8.0,11.0,,,,,,,,,manchester city,bournemouth,Manchester City,AFC Bournemouth,10,2025-10-26,0.9967559793911691,0.002124312300254032,0.0011197083085767617,0.0,0.0,0.0,0.0,0.0
,,,,,,,,,,,,2.0,-446200000.0,-167200000.0,46.400000000000006,9.0,7.0,-368000000.0,-4133333.333333336,-7.0,327.0,-3.0,8.0,,,,,,,,,nottingham forest,manchester united,Nottingham Forest,Manchester United,10,2025-10-26,0.19921654180898324,0.13263598928508008,0.6681474689059367,0.0,0.0,0.0,0.0,0.0
0.0,-31.0,-18.0,1358.0,-2.0,-2.0,212.0,1.0,,,,,,,,,,,,,,194.0,,,,,,,,,,,sunderland,everton,Sunderland,Everton,10,2025-10-26,0.3899235333161951,0.21179725576315223,0.3982792109206527,0.0,0.0,0.0,0.0,0.0
,,,,,,,,,,,,1.0,-337900000.0,-188900000.0,14.5,-11.0,-8.0,-134000000.0,-16280303.030303031,1.0,-374.0,13.0,-21.0,,,,,,,,,tottenham hotspur,chelsea,Tottenham Hotspur,Chelsea,10,2025-10-26,0.17259890406241546,0.3410420255910622,0.4863590703465224,0.0,0.0,0.0,0.0,0.0
,,,,,,,,,,,,7.0,-303250000.0,-287350000.0,0.6000000000000001,8.0,6.0,-289000000.0,-14833333.333333336,-5.0,-1158.0,7.0,-13.0,,,,,,,,,west ham united,newcastle united,West Ham United,Newcastle United,10,2025-10-26,0.46430557389572413,0.17964639802724439,0.3560480280770314,0.0,0.0,0.0,0.0,0.0
-4.0,-34.0,11.0,1428.0,-2.0,0.0,0.0,-1.0,,,,,-4.0,144550000.0,164000000.0,5.7,-3.0,-1.0,183000000.0,4600000.0,4.0,238.0,-5.0,6.0,,,,,,,,,aston villa,bournemouth,Aston Villa,AFC Bournemouth,11,2025-10-26,0.4007354759932726,0.20436739058664447,0.39489713342008287,0.0,0.0,0.0,0.0,0.0
,,,,,,,,,,,,5.0,-303200000.0,-266850000.0,5.9,3.0,1.0,,,,-1327.0,1.0,-1.0,,,,,,,,,brentford,newcastle united,Brentford,Newcastle United,11,2025-10-26,0.4393427654485484,0.28769616317721425,0.27296107137423736,0.0,0.0,0.0,0.0,0.0
7.0,-44.0,-3.0,1639.0,,,,,,,,,-13.0,851000000.0,752200000.0,-10.2,13.0,4.0,635000000.0,21363636.363636367,10.0,199.0,-10.0,15.0,,,,,,,,,chelsea,wolverhampton wanderers,Chelsea,Wolverhampton Wanderers,11,2025-10-26,0.4227814252236168,0.4337656214985504,0.14345295327783264,0.0,0.0,0.0,0.0,0.0
,,,,,,,,,,,,1.0,-120400000.0,-29900000.0,14.599999999999998,-7.0,-9.0,10000000.0,5000000.0,0.0,116.0,-2.0,0.0,,,,,,,,,crystal palace,brighton and hove albion,Crystal Palace,Brighton and Hove Albion,11,2025-10-26,0.3881813193112999,0.30744444513734975,0.3043742355513502,0.0,0.0,0.0,0.0,0.0
,,,,,,,,,,,,-1.0,8600000.0,31100000.0,6.500000000000001,13.0,11.0,,,,-1290.0,-5.0,10.0,,,,,,,,,everton,fulham,Everton,Fulham,11,2025-10-26,0.4288019606287279,0.13939047437478008,0.43180756499649203,0.0,0.0,0.0,0.0,0.0
-3.0,-30.0,-13.0,283.0,1.0,-3.0,-3.0,0.0,,,,,-1.0,280000000.0,110000000.0,-14.899999999999999,1.0,4.0,128000000.0,-10958333.333333328,4.0,2892.0,2.0,-5.0,,,,,,,,,manchester city,liverpool,Manchester City,Liverpool,11,2025-10-26,0.46409633892262014,0.3838037406417393,0.1520999204356407,0.0,0.0,0.0,0.0,0.0
,,,,,,,,,,,,-10.0,173700000.0,284700000.0,21.5,6.0,5.0,,,,-169.0,-10.0,28.0,,,,,,,,,nottingham forest,leeds united,Nottingham Forest,Leeds United,11,2025-10-26,0.8864271045729237,0.052323292726209815,0.061249602700866365,0.0,0.0,0.0,0.0,0.0
-1.0,0.0,-14.0,94.0,-2.0,0.0,212.0,-1.0,,,,,,,,,,,,,,-1653.0,,,,,,,,,,,sunderland,arsenal,Sunderland,Arsenal,11,2025-10-26,0.015639797389117582,0.20359078585990203,0.7807694167509804,0.0,0.0,0.0,0.0,0.0
,,,,,,,,,,,,-1.0,-60100000.0,142900000.0,23.200000000000003,2.0,3.0,33000000.0,-5716666.666666664,2.0,-213.0,2.0,-4.0,,,,,,,,,tottenham hotspur,manchester united,Tottenham Hotspur,Manchester United,11,2025-10-26,0.6836242418431959,0.16025855824093266,0.1561171999158715,0.0,0.0,0.0,0.0,0.0
,,,,,,,,,,,,-6.0,150750000.0,145550000.0,0.19999999999999973,-4.0,-4.0,,,,-188.0,-7.0,20.0,,,,,,,,,west ham united,burnley,West Ham United,Burnley,11,2025-10-26,0.5454359930990221,0.3615165401565953,0.09304746674438263,0.0,0.0,0.0,0.0,0.0
,,,,,,,,,,,,-1.0,33800000.0,11300000.0,-5.0,0.0,1.0,0.0,0.0,0.0,558.0,-5.0,9.0,,,,,,,,,bournemouth,west ham united,AFC Bournemouth,West Ham United,12,2025-10-26,0.30677684930537197,0.33702290112403915,0.3562002495705888,0.0,0.0,0.0,0.0,0.0
,,,,,,,,,,,,-4.0,487900000.0,438900000.0,-6.5,0.0,-1.0,609000000.0,22563725.49019607,5.0,1999.0,-15.0,24.0,,,,,,,,,arsenal,tottenham hotspur,Arsenal,Tottenham Hotspur,12,2025-10-26,0.6877224903758726,0.03912356989518817,0.2731539397289392,0.0,0.0,0.0,0.0,0.0
,,,,,,,,,,,,-2.0,189900000.0,69900000.0,-21.299999999999997,8.0,10.0,,,,377.0,-3.0,3.0,,,,,,,,,brighton and hove albion,brentford,Brighton and Hove Albion,Brentford,12,2025-10-26,0.8422075391264296,0.14949253275106095,0.008299928122509478,0.0,0.0,0.0,0.0,0.0
-3.0,0.0,2.0,-1639.0,-2.0,-3.0,-403.0,-1.0,,,,,16.0,-934100000.0,-853850000.0,3.3000000000000007,-2.0,-2.0,,,,-32.0,19.0,-38.0,,,,,,,,,burnley,chelsea,Burnley,Chelsea,12,2025-10-26,0.007545189474618587,0.11394779552194097,0.8785070150034405,0.0,0.0,0.0,0.0,0.0
,,,,,,,,,,,,,,,,,,,,,1096.0,,,,,,,,,,,fulham,sunderland,Fulham,Sunderland,12,2025-10-26,0.17292071883548293,0.09312764640560406,0.733951634758913,0.0,0.0,0.0,0.0,0.0
,,,,,,,,,,,,9.0,-292700000.0,-250700000.0,12.0,-1.0,-3.0,,,,-241.0,16.0,-34.0,,,,,,,,,leeds united,aston villa,Leeds United,Aston Villa,12,2025-10-26,0.6256885528617943,0.08613061663306369,0.28818083050514204,0.0,0.0,0.0,0.0,0.0
,,,,,,,,,,,,-5.0,594000000.0,539000000.0,-22.200000000000003,-7.0,-7.0,770000000.0,29166666.666666664,9.0,-164.0,-11.0,16.0,,,,,,,,,liverpool,nottingham forest,Liverpool,Nottingham Forest,12,2025-10-26,0.770863230012608,0.2225357516717135,0.006601018315678589,0.0,0.0,0.0,0.0,0.0
,,,,,,,,,,,,-9.0,552000000.0,379600000.0,-24.400000000000002,-5.0,-6.0,458000000.0,800000.0,9.0,61.0,7.0,-13.0,,,,,,,,,manchester united,everton,Manchester United,Everton,12,2025-10-26,0.6981016305633424,0.2858826501793351,0.0160157192573225,0.0,0.0,0.0,0.0,0.0
,,,,,,,,,,,,5.0,-630100000.0,-570950000.0,2.3,-4.0,-5.0,-709000000.0,-10041666.666666664,-10.0,-1956.0,6.0,-7.0,,,,,,,,,newcastle united,manchester city,Newcastle United,Manchester City,12,2025-10-26,0.16531941414304624,0.03877183488143735,0.7959087509755164,0.0,0.0,0.0,0.0,0.0
-4.0,4.0,1.0,0.0,,,,,,,,,6.0,-137200000.0,-104400000.0,8.1,-3.0,6.0,-50000000.0,-5000000.0,-1.0,-303.0,9.0,-12.0,,,,,,,,,wolverhampton wanderers,crystal palace,Wolverhampton Wanderers,Crystal Palace,12,2025-10-26,0.4366881595026921,0.13684088881584458,0.4264709516814634,0.0,0.0,0.0,0.0,0.0
0.0,-44.0,-2.0,1428.0,,,,,,,,,-8.0,246000000.0,219200000.0,-6.0,4.0,-2.0,183000000.0,4600000.0,4.0,775.0,-8.0,12.0,,,,,,,,,aston villa,wolverhampton wanderers,Aston Villa,Wolverhampton Wanderers,13,2025-10-26,0.3357492886524462,0.33262434722612505,0.3316263641214287,0.0,0.0,0.0,0.0,0.0
-4.0,28.0,1.0,0.0,0.0,0.0,0.0,-1.0,,,,,-8.0,150800000.0,166050000.0,5.5,-9.0,-9.0,,,,-357.0,-13.0,32.0,,,,,,,,,brentford,burnley,Brentford,Burnley,13,2025-10-26,0.9519297770752985,0.019655071533211343,0.028415151391490066,0.0,0.0,0.0,0.0,0.0
1.0,0.0,-4.0,375.0,2.0,1.0,403.0,0.0,,,,,3.0,-150000000.0,-250000000.0,-8.0,11.0,9.0,-475000000.0,-6283422.45989304,-6.0,-1625.0,2.0,-3.0,,,,,,,,,chelsea,arsenal,Chelsea,Arsenal,13,2025-10-26,0.46198326444537324,0.3101585109181729,0.2278582246364538,0.0,0.0,0.0,0.0,0.0
,,,,,,,,,,,,5.0,-436000000.0,-316000000.0,10.8,3.0,1.0,-418000000.0,-5800000.0,-8.0,265.0,-10.0,14.0,,,,,,,,,crystal palace,manchester united,Crystal Palace,Manchester United,13,2025-10-26,0.5933317000456951,0.10553639958594375,0.30113190036836096,0.0,0.0,0.0,0.0,0.0
,,,,,,,,,,,,8.0,-349700000.0,-290450000.0,12.8,6.0,7.0,-279000000.0,-4833333.333333336,-5.0,-1160.0,-1.0,1.0,,,,,,,,,everton,newcastle united,Everton,Newcastle United,13,2025-10-26,0.23780581954587765,0.12278899850639492,0.6394051819477274,0.0,0.0,0.0,0.0,0.0
,,,,,,,,,,,,-16.0,1047700000.0,933700000.0,-15.600000000000001,0.0,2.0,,,,2559.0,-19.0,39.0,,,,,,,,,manchester city,leeds united,Manchester City,Leeds United,13,2025-10-26,0.8621188044744857,0.13787924534525692,1.9501802573979037e-06,0.0,0.0,0.0,0.0,0.0
,,,,,,,,,,,,-2.0,-130600000.0,118900000.0,50.2,-1.0,-3.0,60000000.0,6666666.666666664,1.0,178.0,5.0,-6.0,,,,,,,,,nottingham forest,brighton and hove albion,Nottingham Forest,Brighton and Hove Albion,13,2025-10-26,0.3809453945499308,0.34288105735953295,0.27617354809053624,0.0,0.0,0.0,0.0,0.0
1.0,-34.0,0.0,1358.0,-2.0,2.0,212.0,-1.0,,,,,,,,,,,,,,-366.0,,,,,,,,,,,sunderland,bournemouth,Sunderland,AFC Bournemouth,13,2025-10-26,0.053992895031558956,0.4844731243502425,0.4615339806181985,0.0,0.0,0.0,0.0,0.0
,,,,,,,,,,,,-11.0,500500000.0,553600000.0,5.3,10.0,8.0,,,,-1442.0,4.0,-7.0,,,,,,,,,tottenham hotspur,fulham,Tottenham Hotspur,Fulham,13,2025-10-26,0.6527964384010733,0.15624066556753485,0.1909628960313919,0.0,0.0,0.0,0.0,0.0
,,,,,,,,,,,,11.0,-653350000.0,-748300000.0,-12.0,5.0,5.0,-870000000.0,-35833333.33333333,-11.0,-222.0,15.0,-25.0,,,,,,,,,west ham united,liverpool,West Ham United,Liverpool,13,2025-10-26,0.2947001504541282,0.03581896625846784,0.669480883287404,0.0,0.0,0.0,0.0,0.0
-1.0,3.0,-18.0,0.0,0.0,-4.0,0.0,2.0,,,,,-2.0,80250000.0,14400000.0,-17.200000000000003,2.0,0.0,-10000000.0,-10000000.0,0.0,560.0,3.0,-5.0,,,,,,,,,bournemouth,everton,AFC Bournemouth,Everton,14,2025-10-26,0.7422093709386354,0.2575771776267071,0.0002134514346574892,0.0,0.0,0.0,0.0,0.0
6.0,-28.0,1.0,1264.0,0.0,2.0,0.0,2.0,,,,,-11.0,933300000.0,937800000.0,-0.7999999999999999,0.0,2.0,,,,2014.0,-8.0,9.0,,,,,,,,,arsenal,brentford,Arsenal,Brentford,14,2025-10-26,0.5037099030096902,0.4830286952964695,0.013261401693840299,0.0,0.0,0.0,0.0,0.0
,,,,,,,,,,,,1.0,11600000.0,-84900000.0,-16.7,6.0,5.0,-143000000.0,-4600000.0,-3.0,-588.0,1.0,0.0,,,,,,,,,brighton and hove albion,aston villa,Brighton and Hove Albion,Aston Villa,14,2025-10-26,0.6268062000230424,0.3603108325034113,0.012882967473546223,0.0,0.0,0.0,0.0,0.0
0.0,-40.0,0.0,0.0,2.0,0.0,0.0,-1.0,,,,,9.0,-220300000.0,-206050000.0,1.2000000000000002,8.0,8.0,,,,-136.0,18.0,-35.0,,,,,,,,,burnley,crystal palace,Burnley,Crystal Palace,14,2025-10-26,0.3819808837070274,0.12582617849673838,0.49219293779623435,0.0,0.0,0.0,0.0,0.0
,,,,,,,,,,,,14.0,-988400000.0,-892500000.0,8.6,-11.0,-9.0,,,,-1826.0,10.0,-16.0,,,,,,,,,fulham,manchester city,Fulham,Manchester City,14,2025-10-26,0.006990136510758699,0.000693037366110574,0.9923168261231308,0.0,0.0,0.0,0.0,0.0
,,,,,,,,,,,,14.0,-897700000.0,-783700000.0,16.200000000000003,-10.0,-9.0,,,,335.0,18.0,-37.0,,,,,,,,,leeds united,chelsea,Leeds United,Chelsea,14,2025-10-26,0.0710227020538534,0.013087620383136354,0.9158896775630102,0.0,0.0,0.0,0.0,0.0
3.0,30.0,13.0,12.0,2.0,1.0,5.0,-1.0,,,,,,,,,,,,,,30.0,,,,,,,,,,,liverpool,sunderland,Liverpool,Sunderland,14,2025-10-26,0.5925566836048546,0.3839968149368654,0.023446501458280037,0.0,0.0,0.0,0.0,0.0
,,,,,,,,,,,,-8.0,505550000.0,376500000.0,-12.200000000000001,-7.0,-5.0,468000000.0,10800000.0,9.0,59.0,-1.0,1.0,,,,,,,,,manchester united,west ham united,Manchester United,West Ham United,14,2025-10-26,0.49408347398682956,0.16343470511247776,0.34248182090069257,0.0,0.0,0.0,0.0,0.0
,,,,,,,,,,,,2.0,-142200000.0,-232050000.0,-11.6,-3.0,-4.0,-212000000.0,9750000.0,-6.0,1312.0,-8.0,16.0,,,,,,,,,newcastle united,tottenham hotspur,Newcastle United,Tottenham Hotspur,14,2025-10-26,0.3057801900899464,0.10450265191988604,0.5897171579901677,0.0,0.0,0.0,0.0,0.0
,,,,,,,,,,,,9.0,-127000000.0,-253200000.0,-27.5,-9.0,0.0,-100000000.0,-6666666.666666664,-2.0,-365.0,2.0,-6.0,,,,,,,,,wolverhampton wanderers,nottingham forest,Wolverhampton Wanderers,Nottingham Forest,14,2025-10-26,0.7205917395622261,0.23689554149071146,0.04251271894706259,0.0,0.0,0.0,0.0,0.0
-3.0,34.0,-10.0,-1639.0,-2.0,-3.0,-403.0,0.0,,,,,9.0,-749550000.0,-697000000.0,-1.5,-6.0,-5.0,-635000000.0,-21363636.363636367,-10.0,338.0,7.0,-9.0,,,,,,,,,bournemouth,chelsea,AFC Bournemouth,Chelsea,15,2025-10-26,0.12953799022116688,0.24957155673714226,0.6208904530416908,0.0,0.0,0.0,0.0,0.0
-6.0,0.0,-3.0,164.0,-2.0,-2.0,0.0,-1.0,,,,,8.0,-755000000.0,-783000000.0,-3.8000000000000003,2.0,3.0,-927000000.0,-23047058.823529407,-12.0,-1049.0,4.0,-6.0,,,,,,,,,aston villa,arsenal,Aston Villa,Arsenal,15,2025-10-26,0.29713467441495056,0.09553750837345207,0.6073278172115973,0.0,0.0,0.0,0.0,0.0
,,,,,,,,,,,,-4.0,189950000.0,90400000.0,-15.999999999999998,3.0,5.0,40000000.0,0.0,1.0,208.0,-9.0,15.0,,,,,,,,,brighton and hove albion,west ham united,Brighton and Hove Albion,West Ham United,15,2025-10-26,0.6799350080593495,0.3134205758151563,0.006644416125494369,0.0,0.0,0.0,0.0,0.0
,,,,,,,,,,,,7.0,-105800000.0,-212400000.0,-22.0,-4.0,-1.0,-90000000.0,3333333.333333336,-2.0,-388.0,-4.0,5.0,,,,,,,,,everton,nottingham forest,Everton,Nottingham Forest,15,2025-10-26,0.690953997262748,0.27773397144156925,0.03131203129568261,0.0,0.0,0.0,0.0,0.0
,,,,,,,,,,,,5.0,-124600000.0,-94700000.0,7.1,-11.0,-6.0,,,,964.0,8.0,-11.0,,,,,,,,,fulham,crystal palace,Fulham,Crystal Palace,15,2025-10-26,0.02803178624418007,0.4762220136770961,0.4957462000787238,0.0,0.0,0.0,0.0,0.0
,,,,,,,,,,,,15.0,-767700000.0,-823700000.0,0.7000000000000011,1.0,2.0,,,,333.0,21.0,-44.0,,,,,,,,,leeds united,liverpool,Leeds United,Liverpool,15,2025-10-26,0.12219676029093855,0.060810766333635045,0.8169924733754264,0.0,0.0,0.0,0.0,0.0
0.0,0.0,0.0,295.0,3.0,-2.0,2.0,-1.0,,,,,,,,,,,,,,2922.0,,,,,,,,,,,manchester city,sunderland,Manchester City,Sunderland,15,2025-10-26,0.8173109668804323,0.1770959132777171,0.00559311984185073,0.0,0.0,0.0,0.0,0.0
,,,,,,,,,,,,-13.0,454000000.0,432900000.0,-0.40000000000000036,-12.0,-10.0,,,,970.0,-14.0,33.0,,,,,,,,,newcastle united,burnley,Newcastle United,Burnley,15,2025-10-26,0.6325867596859686,0.2861400300975976,0.08127321021643394,0.0,0.0,0.0,0.0,0.0
,,,,,,,,,,,,-7.0,445400000.0,498900000.0,5.699999999999999,0.0,3.0,,,,15.0,7.0,-15.0,,,,,,,,,tottenham hotspur,brentford,Tottenham Hotspur,Brentford,15,2025-10-26,0.36136958314022716,0.07500409275353807,0.5636263241062348,0.0,0.0,0.0,0.0,0.0
,,,,,,,,,,,,11.0,-573200000.0,-420400000.0,18.900000000000002,0.0,7.0,-468000000.0,-10800000.0,-9.0,-38.0,-1.0,2.0,,,,,,,,,wolverhampton wanderers,manchester united,Wolverhampton Wanderers,Manchester United,15,2025-10-26,0.32682259520678725,0.10538441805530706,0.5677929867379057,0.0,0.0,0.0,0.0,0.0
6.0,-44.0,1.0,1264.0,,,,,,,,,-16.0,1001000000.0,1002200000.0,-2.1999999999999997,2.0,-5.0,1110000000.0,27647058.823529407,16.0,1824.0,-12.0,18.0,,,,,,,,,arsenal,wolverhampton wanderers,Arsenal,Wolverhampton Wanderers,16,2025-10-26,0.5781945202983038,0.27890957309268716,0.14289590660900905,0.0,0.0,0.0,0.0,0.0
,,,,,,,,,,,,-6.0,114400000.0,95900000.0,-7.4,-1.0,-2.0,,,,-724.0,-12.0,31.0,,,,,,,,,brentford,leeds united,Brentford,Leeds United,16,2025-10-26,0.43565340854717133,0.36382140300300964,0.20052518844981904,0.0,0.0,0.0,0.0,0.0
,,,,,,,,,,,,4.0,-95700000.0,-111350000.0,-5.8999999999999995,19.0,14.0,,,,-1100.0,10.0,-24.0,,,,,,,,,burnley,fulham,Burnley,Fulham,16,2025-10-26,0.3080395154091269,0.6349173293903602,0.05704315520051281,0.0,0.0,0.0,0.0,0.0
2.0,-31.0,-8.0,1639.0,2.0,-1.0,403.0,2.0,,,,,-11.0,829800000.0,711400000.0,-15.700000000000001,8.0,5.0,625000000.0,11363636.363636367,10.0,222.0,-4.0,4.0,,,,,,,,,chelsea,everton,Chelsea,Everton,16,2025-10-26,0.6926925129506482,0.3071020483813658,0.00020543866798619309,0.0,0.0,0.0,0.0,0.0
-1.0,40.0,12.0,-1653.0,-3.0,0.0,-214.0,2.0,,,,,9.0,-863800000.0,-797800000.0,1.5,0.0,-3.0,-948000000.0,-19875000.0,-14.0,-2790.0,2.0,-5.0,,,,,,,,,crystal palace,manchester city,Crystal Palace,Manchester City,16,2025-10-26,0.0813205877355085,0.24974218363351314,0.6689372286309783,0.0,0.0,0.0,0.0,0.0
,,,,,,,,,,,,-7.0,463400000.0,657900000.0,28.0,-8.0,-10.0,830000000.0,35833333.33333333,10.0,14.0,-6.0,10.0,,,,,,,,,liverpool,brighton and hove albion,Liverpool,Brighton and Hove Albion,16,2025-10-26,0.5296236512144461,0.13121019542405146,0.33916615336150235,0.0,0.0,0.0,0.0,0.0
,,,,,,,,,,,,-7.0,471750000.0,365200000.0,-7.200000000000001,-7.0,-6.0,468000000.0,10800000.0,9.0,-499.0,4.0,-8.0,,,,,,,,,manchester united,bournemouth,Manchester United,AFC Bournemouth,16,2025-10-26,0.37547314202668564,0.32509144433787224,0.2994354136354421,0.0,0.0,0.0,0.0,0.0
,,,,,,,,,,,,3.0,-386100000.0,-310100000.0,23.200000000000003,7.0,4.0,-401000000.0,1583333.3333333284,-9.0,540.0,-5.0,12.0,,,,,,,,,nottingham forest,tottenham hotspur,Nottingham Forest,Tottenham Hotspur,16,2025-10-26,0.13775484870812835,0.08027633210740846,0.7819688191844631,0.0,0.0,0.0,0.0,0.0
,,,,,,,,,,,,,,,,,,,,,-966.0,,,,,,,,,,,sunderland,newcastle united,Sunderland,Newcastle United,16,2025-10-26,0.15991492057715126,0.3379259064551356,0.5021591729677132,0.0,0.0,0.0,0.0,0.0
,,,,,,,,,,,,5.0,-178350000.0,-175300000.0,-0.6999999999999997,3.0,0.0,-183000000.0,-4600000.0,-4.0,-796.0,10.0,-15.0,,,,,,,,,west ham united,aston villa,West Ham United,Aston Villa,16,2025-10-26,0.4120365407261662,0.26839394980627584,0.319569509467558,0.0,0.0,0.0,0.0,0.0
0.0,34.0,-12.0,0.0,0.0,0.0,0.0,1.0,,,,,-7.0,184550000.0,156850000.0,-4.800000000000001,-4.0,-3.0,,,,370.0,-12.0,29.0,,,,,,,,,bournemouth,burnley,AFC Bournemouth,Burnley,17,2025-10-26,0.43293112736050654,0.0037419907154496116,0.5633268819240438,0.0,0.0,0.0,0.0,0.0
,,,,,,,,,,,,3.0,-327200000.0,-201200000.0,12.900000000000002,4.0,5.0,-285000000.0,-6200000.0,-5.0,737.0,-9.0,14.0,,,,,,,,,aston villa,manchester united,Aston Villa,Manchester United,17,2025-10-26,0.2920789846214472,0.10121373177762583,0.606707283600927,0.0,0.0,0.0,0.0,0.0
,,,,,,,,,,,,,,,,,,,,,16.0,,,,,,,,,,,brighton and hove albion,sunderland,Brighton and Hove Albion,Sunderland,17,2025-10-26,0.4540552021165298,0.24152409972909206,0.3044206981543782,0.0,0.0,0.0,0.0,0.0
-1.0,31.0,4.0,-1264.0,0.0,2.0,0.0,-2.0,,,,,14.0,-979800000.0,-961400000.0,7.700000000000001,3.0,4.0,-1100000000.0,-17647058.823529407,-16.0,-1847.0,6.0,-7.0,,,,,,,,,everton,arsenal,Everton,Arsenal,17,2025-10-26,0.4603059119952839,0.3100300937339371,0.2296639942707791,0.0,0.0,0.0,0.0,0.0
,,,,,,,,,,,,8.0,-114400000.0,-243500000.0,-28.5,-17.0,-12.0,,,,902.0,1.0,-5.0,,,,,,,,,fulham,nottingham forest,Fulham,Nottingham Forest,17,2025-10-26,0.697654635403465,0.2466763218848531,0.05566904271168192,0.0,0.0,0.0,0.0,0.0
,,,,,,,,,,,,7.0,-183900000.0,-135900000.0,14.100000000000001,0.0,1.0,,,,231.0,17.0,-34.0,,,,,,,,,leeds united,crystal palace,Leeds United,Crystal Palace,17,2025-10-26,0.6254963689657945,0.06040351517948984,0.31410011585471553,0.0,0.0,0.0,0.0,0.0
,,,,,,,,,,,,-12.0,933350000.0,858300000.0,-2.9,-4.0,-1.0,998000000.0,24875000.0,15.0,3114.0,-13.0,20.0,,,,,,,,,manchester city,west ham united,Manchester City,West Ham United,17,2025-10-26,0.9089667825192752,0.08890845168927976,0.0021247657914449736,0.0,0.0,0.0,0.0,0.0
,,,,,,,,,,,,3.0,-480100000.0,-420950000.0,2.9000000000000004,-14.0,-12.0,-346000000.0,-6530303.030303031,-5.0,938.0,5.0,-5.0,,,,,,,,,newcastle united,chelsea,Newcastle United,Chelsea,17,2025-10-26,0.11151097689505435,0.18744901606813508,0.7010400070368105,0.0,0.0,0.0,0.0,0.0
,,,,,,,,,,,,2.0,-207900000.0,-228900000.0,-1.0,0.0,3.0,-369000000.0,-30749999.999999993,0.0,-376.0,16.0,-28.0,,,,,,,,,tottenham hotspur,liverpool,Tottenham Hotspur,Liverpool,17,2025-10-26,0.34301198891185564,0.20419482636418015,0.45279318472396407,0.0,0.0,0.0,0.0,0.0
0.0,16.0,0.0,0.0,,,,,,,,,5.0,-67700000.0,-64400000.0,1.4,-2.0,7.0,,,,190.0,4.0,-9.0,,,,,,,,,wolverhampton wanderers,brentford,Wolverhampton Wanderers,Brentford,17,2025-10-26,0.2525561632110545,0.2516305220356121,0.49581331475333346,0.0,0.0,0.0,0.0,0.0
,,,,,,,,,,,,-9.0,743400000.0,867900000.0,20.5,-8.0,-8.0,1070000000.0,27647058.823529407,15.0,1637.0,-5.0,6.0,,,,,,,,,arsenal,brighton and hove albion,Arsenal,Brighton and Hove Albion,18,2025-10-26,0.7172415241374216,0.06326259871103448,0.21949587715154403,0.0,0.0,0.0,0.0,0.0
-4.0,-6.0,13.0,0.0,0.0,0.0,0.0,-2.0,,,,,-1.0,-33750000.0,9200000.0,10.3,-5.0,-6.0,,,,-727.0,-1.0,3.0,,,,,,,,,brentford,bournemouth,Brentford,AFC Bournemouth,18,2025-10-26,0.6579692067160905,0.28051860364025194,0.061512189643657615,0.0,0.0,0.0,0.0,0.0
-1.0,-31.0,-6.0,0.0,0.0,-4.0,0.0,1.0,,,,,5.0,-104300000.0,-142450000.0,-12.4,6.0,3.0,,,,190.0,15.0,-34.0,,,,,,,,,burnley,everton,Burnley,Everton,18,2025-10-26,0.5095135588055185,0.11649182532829133,0.37399461586619004,0.0,0.0,0.0,0.0,0.0
7.0,0.0,-1.0,211.0,4.0,3.0,403.0,1.0,,,,,-5.0,605000000.0,533000000.0,-4.2,9.0,6.0,452000000.0,16763636.363636367,6.0,-576.0,-2.0,3.0,,,,,,,,,chelsea,aston villa,Chelsea,Aston Villa,18,2025-10-26,0.7006153158886093,0.09988394165091115,0.1995007424604795,0.0,0.0,0.0,0.0,0.0
,,,,,,,,,,,,6.0,-375900000.0,-458900000.0,-12.399999999999999,1.0,-2.0,-451000000.0,-83333.33333333582,-10.0,478.0,-12.0,18.0,,,,,,,,,crystal palace,tottenham hotspur,Crystal Palace,Tottenham Hotspur,18,2025-10-26,0.3396401831232169,0.1347500260933718,0.5256097907834113,0.0,0.0,0.0,0.0,0.0
8.0,-14.0,0.0,1370.0,,,,,,,,,-14.0,721000000.0,792200000.0,5.3,2.0,-7.0,870000000.0,35833333.33333333,11.0,201.0,-13.0,22.0,,,,,,,,,liverpool,wolverhampton wanderers,Liverpool,Wolverhampton Wanderers,18,2025-10-26,0.9920862921949444,0.0030260203900960864,0.004887687414959623,0.0,0.0,0.0,0.0,0.0
,,,,,,,,,,,,-1.0,202300000.0,89150000.0,-11.600000000000001,1.0,1.0,179000000.0,-4033333.333333336,4.0,-1099.0,6.0,-12.0,,,,,,,,,manchester united,newcastle united,Manchester United,Newcastle United,18,2025-10-26,0.2554934073643674,0.47339114253069936,0.27111545010493326,0.0,0.0,0.0,0.0,0.0
,,,,,,,,,,,,6.0,-874000000.0,-649000000.0,37.1,6.0,3.0,-898000000.0,-18208333.333333336,-13.0,-2728.0,9.0,-11.0,,,,,,,,,nottingham forest,manchester city,Nottingham Forest,Manchester City,18,2025-10-26,0.2257640806225689,0.02685642091043499,0.747379498466996,0.0,0.0,0.0,0.0,0.0
,,,,,,,,,,,,,,,,,,,,,-363.0,,,,,,,,,,,sunderland,leeds united,Sunderland,Leeds United,18,2025-10-26,0.23983903013983843,0.34480362995076286,0.4153573399093987,0.0,0.0,0.0,0.0,0.0
,,,,,,,,,,,,-2.0,55050000.0,34200000.0,-5.7,15.0,10.0,,,,-1288.0,3.0,-4.0,,,,,,,,,west ham united,fulham,West Ham United,Fulham,18,2025-10-26,0.4735283640830279,0.3024111890307553,0.22406044688621682,0.0,0.0,0.0,0.0,0.0
6.0,0.0,3.0,-164.0,2.0,2.0,0.0,1.0,,,,,-8.0,755000000.0,783000000.0,3.8000000000000003,-2.0,-3.0,927000000.0,23047058.823529407,12.0,1049.0,-4.0,6.0,,,,,,,,,arsenal,aston villa,Arsenal,Aston Villa,19,2025-10-26,0.5967751539803462,0.10045154412833732,0.3027733018913165,0.0,0.0,0.0,0.0,0.0
,,,,,,,,,,,,7.0,-445400000.0,-498900000.0,-5.699999999999999,0.0,-3.0,,,,-15.0,-7.0,15.0,,,,,,,,,brentford,tottenham hotspur,Brentford,Tottenham Hotspur,19,2025-10-26,0.32305143506639894,0.19141088934483727,0.48553767558876376,0.0,0.0,0.0,0.0,0.0
,,,,,,,,,,,,13.0,-454000000.0,-432900000.0,0.40000000000000036,12.0,10.0,,,,-970.0,14.0,-33.0,,,,,,,,,burnley,newcastle united,Burnley,Newcastle United,19,2025-10-26,0.6497471867433904,0.09813305565950252,0.252119757597107,0.0,0.0,0.0,0.0,0.0
3.0,-34.0,10.0,1639.0,2.0,3.0,403.0,0.0,,,,,-9.0,749550000.0,697000000.0,1.5,6.0,5.0,635000000.0,21363636.363636367,10.0,-338.0,-7.0,9.0,,,,,,,,,chelsea,bournemouth,Chelsea,AFC Bournemouth,19,2025-10-26,0.5019211912473955,0.12392761874940865,0.37415119000319585,0.0,0.0,0.0,0.0,0.0
,,,,,,,,,,,,-5.0,124600000.0,94700000.0,-7.1,11.0,6.0,,,,-964.0,-8.0,11.0,,,,,,,,,crystal palace,fulham,Crystal Palace,Fulham,19,2025-10-26,0.16810804748882008,0.3363652450004864,0.4955267075106935,0.0,0.0,0.0,0.0,0.0
,,,,,,,,,,,,-15.0,767700000.0,823700000.0,-0.7000000000000011,-1.0,-2.0,,,,-333.0,-21.0,44.0,,,,,,,,,liverpool,leeds united,Liverpool,Leeds United,19,2025-10-26,0.6787412702773545,0.17990885632478118,0.14134987339786437,0.0,0.0,0.0,0.0,0.0
,,,,,,,,,,,,-11.0,573200000.0,420400000.0,-18.900000000000002,0.0,-7.0,468000000.0,10800000.0,9.0,38.0,1.0,-2.0,,,,,,,,,manchester united,wolverhampton wanderers,Manchester United,Wolverhampton Wanderers,19,2025-10-26,0.6521451477581596,0.34659150315084825,0.001263349090992202,0.0,0.0,0.0,0.0,0.0
,,,,,,,,,,,,-7.0,105800000.0,212400000.0,22.0,4.0,1.0,90000000.0,-3333333.333333336,2.0,388.0,4.0,-5.0,,,,,,,,,nottingham forest,everton,Nottingham Forest,Everton,19,2025-10-26,0.5490055882227842,0.12522598919655256,0.3257684225806633,0.0,0.0,0.0,0.0,0.0
0.0,0.0,0.0,-295.0,-3.0,2.0,-2.0,1.0,,,,,,,,,,,,,,-2922.0,,,,,,,,,,,sunderland,manchester city,Sunderland,Manchester City,19,2025-10-26,0.3963873373278191,0.012126831215322728,0.5914858314568582,0.0,0.0,0.0,0.0,0.0
,,,,,,,,,,,,4.0,-189950000.0,-90400000.0,15.999999999999998,-3.0,-5.0,-40000000.0,0.0,-1.0,-208.0,9.0,-15.0,,,,,,,,,west ham united,brighton and hove albion,West Ham United,Brighton and Hove Albion,19,2025-10-26,0.3260009262652104,0.14597157919401033,0.5280274945407794,0.0,0.0,0.0,0.0,0.0
-2.0,34.0,-14.0,-1264.0,0.0,-2.0,0.0,0.0,,,,,12.0,-899550000.0,-947000000.0,-9.5,5.0,4.0,-1110000000.0,-27647058.823529407,-16.0,-1287.0,9.0,-12.0,,,,,,,,,bournemouth,arsenal,AFC Bournemouth,Arsenal,20,2025-10-26,0.2454552654759218,0.24969882868717483,0.5048459058369034,0.0,0.0,0.0,0.0,0.0
,,,,,,,,,,,,1.0,119000000.0,-34000000.0,-33.5,-5.0,-2.0,83000000.0,-2066666.6666666642,2.0,410.0,-6.0,6.0,,,,,,,,,aston villa,nottingham forest,Aston Villa,Nottingham Forest,20,2025-10-26,0.6158491527128601,0.37185491108178836,0.012295936205351543,0.0,0.0,0.0,0.0,0.0
,,,,,,,,,,,,-10.0,340700000.0,235950000.0,-15.799999999999999,-1.0,1.0,,,,20.0,-16.0,35.0,,,,,,,,,brighton and hove albion,burnley,Brighton and Hove Albion,Burnley,20,2025-10-26,0.6382226079332468,0.3606122101584354,0.0011651819083178356,0.0,0.0,0.0,0.0,0.0
5.0,3.0,5.0,0.0,0.0,4.0,0.0,0.0,,,,,3.0,-46500000.0,-23600000.0,6.9,3.0,6.0,,,,167.0,-2.0,2.0,,,,,,,,,everton,brentford,Everton,Brentford,20,2025-10-26,0.5042900583151623,0.25271479492118426,0.24299514676365355,0.0,0.0,0.0,0.0,0.0
,,,,,,,,,,,,13.0,-708400000.0,-782500000.0,-6.3,-10.0,-5.0,,,,1066.0,12.0,-21.0,,,,,,,,,fulham,liverpool,Fulham,Liverpool,20,2025-10-26,0.15222786778501407,0.2927447568314755,0.5550273753835105,0.0,0.0,0.0,0.0,0.0
,,,,,,,,,,,,12.0,-619900000.0,-451900000.0,24.900000000000002,3.0,2.0,,,,496.0,7.0,-20.0,,,,,,,,,leeds united,manchester united,Leeds United,Manchester United,20,2025-10-26,0.09878243182629992,0.048850192985916946,0.852367375187783,0.0,0.0,0.0,0.0,0.0
-2.0,0.0,-10.0,14.0,-1.0,-3.0,-189.0,-2.0,,,,,-2.0,150000000.0,150000000.0,0.6000000000000005,-10.0,-7.0,363000000.0,3511363.636363633,5.0,2894.0,-1.0,2.0,,,,,,,,,manchester city,chelsea,Manchester City,Chelsea,20,2025-10-26,0.6163166320829735,0.15312221396351183,0.23056115395351465,0.0,0.0,0.0,0.0,0.0
,,,,,,,,,,,,-4.0,233700000.0,226850000.0,0.7999999999999998,-4.0,-2.0,239000000.0,9833333.333333336,4.0,834.0,4.0,-2.0,,,,,,,,,newcastle united,crystal palace,Newcastle United,Crystal Palace,20,2025-10-26,0.32995968609604015,0.3066460429224542,0.36339427098150573,0.0,0.0,0.0,0.0,0.0
,,,,,,,,,,,,,,,,,,,,,-346.0,,,,,,,,,,,tottenham hotspur,sunderland,Tottenham Hotspur,Sunderland,20,2025-10-26,0.2535347979401194,0.32696601892231736,0.4194991831375633,0.0,0.0,0.0,0.0,0.0
,,,,,,,,,,,,3.0,-67650000.0,-43900000.0,6.699999999999999,-7.0,2.0,0.0,0.0,0.0,21.0,-2.0,3.0,,,,,,,,,wolverhampton wanderers,west ham united,Wolverhampton Wanderers,West Ham United,20,2025-10-26,0.5259776813082657,0.28449504951549365,0.1895272691762407,0.0,0.0,0.0,0.0,0.0
,,,,,,,,,,,,8.0,-411650000.0,-508100000.0,-16.0,5.0,3.0,-501000000.0,-5083333.333333336,-11.0,712.0,-6.0,12.0,,,,,,,,,bournemouth,tottenham hotspur,AFC Bournemouth,Tottenham Hotspur,21,2025-10-26,0.41901002311934094,0.3995099737404239,0.18148000314023516,0.0,0.0,0.0,0.0,0.0
-2.0,-30.0,1.0,-106.0,0.0,-1.0,-217.0,2.0,,,,,-2.0,280000000.0,210000000.0,-7.5,0.0,2.0,240000000.0,-8186274.509803921,5.0,1623.0,1.0,-4.0,,,,,,,,,arsenal,liverpool,Arsenal,Liverpool,21,2025-10-26,0.3877566206411392,0.38135585593903476,0.2308875234198261,0.0,0.0,0.0,0.0,0.0
-5.0,28.0,13.0,-1358.0,2.0,-2.0,-212.0,-1.0,,,,,,,,,,,,,,-361.0,,,,,,,,,,,brentford,sunderland,Brentford,Sunderland,21,2025-10-26,0.4690389525083157,0.21860350443237866,0.31235754305930563,0.0,0.0,0.0,0.0,0.0
,,,,,,,,,,,,14.0,-656300000.0,-522050000.0,12.000000000000002,11.0,9.0,,,,129.0,8.0,-21.0,,,,,,,,,burnley,manchester united,Burnley,Manchester United,21,2025-10-26,0.6265901418222696,0.06273736519967736,0.310672492978053,0.0,0.0,0.0,0.0,0.0
4.0,40.0,1.0,-1428.0,0.0,0.0,0.0,1.0,,,,,2.0,-108800000.0,-114800000.0,-2.0999999999999996,-1.0,-4.0,-133000000.0,400000.0,-3.0,-472.0,-1.0,0.0,,,,,,,,,crystal palace,aston villa,Crystal Palace,Aston Villa,21,2025-10-26,0.7773444548793126,0.00587980962611422,0.2167757354945732,0.0,0.0,0.0,0.0,0.0
5.0,-13.0,5.0,0.0,,,,,,,,,-2.0,21200000.0,40800000.0,5.500000000000001,5.0,-1.0,10000000.0,10000000.0,0.0,-23.0,-6.0,11.0,,,,,,,,,everton,wolverhampton wanderers,Everton,Wolverhampton Wanderers,21,2025-10-26,0.42293033329400603,0.013485799815372502,0.5635838668906215,0.0,0.0,0.0,0.0,0.0
,,,,,,,,,,,,12.0,-838400000.0,-742500000.0,9.200000000000001,-21.0,-16.0,,,,1068.0,9.0,-14.0,,,,,,,,,fulham,chelsea,Fulham,Chelsea,21,2025-10-26,0.12876917934996612,0.002291256132610084,0.8689395645174238,0.0,0.0,0.0,0.0,0.0
,,,,,,,,,,,,-8.0,743400000.0,767900000.0,13.099999999999998,-7.0,-6.0,958000000.0,24875000.0,14.0,2906.0,-4.0,5.0,,,,,,,,,manchester city,brighton and hove albion,Manchester City,Brighton and Hove Albion,21,2025-10-26,0.8798684922683421,0.043166056612416265,0.07696545111924152,0.0,0.0,0.0,0.0,0.0
,,,,,,,,,,,,-11.0,417600000.0,362750000.0,-13.3,-4.0,-3.0,,,,603.0,-13.0,32.0,,,,,,,,,newcastle united,leeds united,Newcastle United,Leeds United,21,2025-10-26,0.6146516745484418,0.322098255846667,0.06325006960489107,0.0,0.0,0.0,0.0,0.0
,,,,,,,,,,,,6.0,-59350000.0,-209300000.0,-34.2,-2.0,-2.0,-100000000.0,-6666666.666666664,-2.0,-386.0,4.0,-9.0,,,,,,,,,west ham united,nottingham forest,West Ham United,Nottingham Forest,21,2025-10-26,0.6415330714738068,0.33400557728334046,0.024461351242852807,0.0,0.0,0.0,0.0,0.0
-5.0,-31.0,-7.0,1428.0,-2.0,-4.0,0.0,1.0,,,,,-6.0,224800000.0,178400000.0,-11.5,-1.0,-1.0,173000000.0,-5400000.0,4.0,798.0,-2.0,1.0,,,,,,,,,aston villa,everton,Aston Villa,Everton,22,2025-10-26,0.5939286703212214,0.10099901128401216,0.30507231839476656,0.0,0.0,0.0,0.0,0.0
,,,,,,,,,,,,-3.0,156150000.0,79100000.0,-10.999999999999998,3.0,4.0,40000000.0,0.0,1.0,-350.0,-4.0,6.0,,,,,,,,,brighton and hove albion,bournemouth,Brighton and Hove Albion,AFC Bournemouth,22,2025-10-26,0.45318136988516716,0.21108085904502008,0.3357377710698127,0.0,0.0,0.0,0.0,0.0
7.0,-28.0,-3.0,1639.0,2.0,3.0,403.0,2.0,,,,,-8.0,783300000.0,687800000.0,-8.8,11.0,11.0,,,,389.0,-6.0,6.0,,,,,,,,,chelsea,brentford,Chelsea,Brentford,22,2025-10-26,0.24142179867418997,0.006770408674850818,0.7518077926509592,0.0,0.0,0.0,0.0,0.0
,,,,,,,,,,,,2.0,-59300000.0,-41200000.0,7.000000000000001,11.0,7.0,,,,-733.0,9.0,-23.0,,,,,,,,,leeds united,fulham,Leeds United,Fulham,22,2025-10-26,0.5501571518487403,0.3124806693504932,0.1373621788007666,0.0,0.0,0.0,0.0,0.0
4.0,30.0,1.0,1370.0,0.0,3.0,217.0,-1.0,,,,,-17.0,804100000.0,893850000.0,12.2,-9.0,-9.0,,,,34.0,-22.0,45.0,,,,,,,,,liverpool,burnley,Liverpool,Burnley,22,2025-10-26,0.6260526173196623,0.24867023456235277,0.12527714811798482,0.0,0.0,0.0,0.0,0.0
,,,,,,,,,,,,4.0,-427800000.0,-481800000.0,-9.3,-3.0,-4.0,-530000000.0,-14075000.0,-6.0,-3055.0,12.0,-19.0,,,,,,,,,manchester united,manchester city,Manchester United,Manchester City,22,2025-10-26,0.12761067869456597,0.020585633733864683,0.8518036875715694,0.0,0.0,0.0,0.0,0.0
,,,,,,,,,,,,7.0,-874000000.0,-749000000.0,29.7,7.0,5.0,-1010000000.0,-20980392.156862743,-14.0,-1459.0,10.0,-12.0,,,,,,,,,nottingham forest,arsenal,Nottingham Forest,Arsenal,22,2025-10-26,0.31708982794848434,0.05285163190834282,0.6300585401431729,0.0,0.0,0.0,0.0,0.0
1.0,-40.0,-12.0,1358.0,0.0,2.0,212.0,-1.0,,,,,,,,,,,,,,-132.0,,,,,,,,,,,sunderland,crystal palace,Sunderland,Crystal Palace,22,2025-10-26,0.017483935125752584,0.4914139182293278,0.4911021466449197,0.0,0.0,0.0,0.0,0.0
,,,,,,,,,,,,-9.0,445450000.0,519400000.0,11.0,-5.0,-2.0,501000000.0,5083333.333333336,11.0,-154.0,1.0,-3.0,,,,,,,,,tottenham hotspur,west ham united,Tottenham Hotspur,West Ham United,22,2025-10-26,0.5409560121208726,0.21236002163640416,0.2466839662427232,0.0,0.0,0.0,0.0,0.0
,,,,,,,,,,,,10.0,-370900000.0,-331250000.0,7.3,1.0,8.0,-289000000.0,-14833333.333333336,-5.0,-1137.0,5.0,-10.0,,,,,,,,,wolverhampton wanderers,newcastle united,Wolverhampton Wanderers,Newcastle United,22,2025-10-26,0.2664057031415297,0.1308481792724671,0.602746117586003,0.0,0.0,0.0,0.0,0.0
-4.0,4.0,-13.0,-1370.0,0.0,-3.0,-217.0,2.0,,,,,10.0,-619550000.0,-737000000.0,-17.0,5.0,6.0,-870000000.0,-35833333.33333333,-11.0,336.0,10.0,-16.0,,,,,,,,,bournemouth,liverpool,AFC Bournemouth,Liverpool,23,2025-10-26,0.24452014025881094,0.0039015316941996016,0.7515783280469894,0.0,0.0,0.0,0.0,0.0
,,,,,,,,,,,,-5.0,427800000.0,581800000.0,16.700000000000003,2.0,2.0,642000000.0,16847058.823529407,7.0,1786.0,-13.0,20.0,,,,,,,,,arsenal,manchester united,Arsenal,Manchester United,23,2025-10-26,0.923398984032574,0.027005522101761915,0.049595493865664024,0.0,0.0,0.0,0.0,0.0
,,,,,,,,,,,,4.0,-59300000.0,-188800000.0,-28.900000000000002,-7.0,-7.0,,,,-555.0,-2.0,3.0,,,,,,,,,brentford,nottingham forest,Brentford,Nottingham Forest,23,2025-10-26,0.589095158383144,0.3953914594345476,0.015513382182308405,0.0,0.0,0.0,0.0,0.0
,,,,,,,,,,,,15.0,-596200000.0,-664950000.0,-11.2,9.0,6.0,,,,342.0,6.0,-17.0,,,,,,,,,burnley,tottenham hotspur,Burnley,Tottenham Hotspur,23,2025-10-26,0.10696681376311708,0.17349841750580994,0.719534768731073,0.0,0.0,0.0,0.0,0.0
-3.0,40.0,2.0,-1639.0,-4.0,-3.0,-403.0,0.0,,,,,7.0,-713800000.0,-647800000.0,2.1000000000000005,-10.0,-10.0,-585000000.0,-16363636.363636367,-9.0,104.0,1.0,-3.0,,,,,,,,,crystal palace,chelsea,Crystal Palace,Chelsea,23,2025-10-26,0.16598579386727616,0.08462947408344387,0.7493847320492799,0.0,0.0,0.0,0.0,0.0
,,,,,,,,,,,,-3.0,67900000.0,72300000.0,-0.5,2.0,4.0,,,,-557.0,-14.0,33.0,,,,,,,,,everton,leeds united,Everton,Leeds United,23,2025-10-26,0.6628610406034672,0.2671884078493151,0.06995055154721776,0.0,0.0,0.0,0.0,0.0
,,,,,,,,,,,,6.0,-245000000.0,-124600000.0,21.7,-18.0,-15.0,,,,1080.0,6.0,-11.0,,,,,,,,,fulham,brighton and hove albion,Fulham,Brighton and Hove Albion,23,2025-10-26,0.26941224241106304,0.10603563146126802,0.6245521261276689,0.0,0.0,0.0,0.0,0.0
5.0,-44.0,-13.0,1653.0,,,,,,,,,-15.0,1001000000.0,902200000.0,-9.6,3.0,-3.0,998000000.0,24875000.0,15.0,3093.0,-11.0,17.0,,,,,,,,,manchester city,wolverhampton wanderers,Manchester City,Wolverhampton Wanderers,23,2025-10-26,0.8431406930041375,0.0010811474209722913,0.15577815957489022,0.0,0.0,0.0,0.0,0.0
,,,,,,,,,,,,-2.0,124900000.0,112050000.0,-1.2999999999999998,-5.0,-6.0,106000000.0,10233333.333333336,1.0,362.0,3.0,-2.0,,,,,,,,,newcastle united,aston villa,Newcastle United,Aston Villa,23,2025-10-26,0.5026646520774283,0.2917800252687592,0.2055553226538126,0.0,0.0,0.0,0.0,0.0
,,,,,,,,,,,,,,,,,,,,,-192.0,,,,,,,,,,,west ham united,sunderland,West Ham United,Sunderland,23,2025-10-26,0.25706463923324385,0.3175956951743123,0.4253396655924438,0.0,0.0,0.0,0.0,0.0
0.0,-28.0,-2.0,1428.0,-2.0,0.0,0.0,1.0,,,,,-3.0,178300000.0,154800000.0,-4.6,2.0,5.0,,,,965.0,-4.0,3.0,,,,,,,,,aston villa,brentford,Aston Villa,Brentford,24,2025-10-26,0.48426294934218106,0.4936997978399882,0.022037252817830855,0.0,0.0,0.0,0.0,0.0
,,,,,,,,,,,,-5.0,236400000.0,93500000.0,-28.2,5.0,4.0,30000000.0,-10000000.0,1.0,210.0,-1.0,1.0,,,,,,,,,brighton and hove albion,everton,Brighton and Hove Albion,Everton,24,2025-10-26,0.6536857508428375,0.3342963690430874,0.012017880114075114,0.0,0.0,0.0,0.0,0.0
,,,,,,,,,,,,-10.0,783350000.0,708300000.0,-3.5000000000000004,6.0,6.0,635000000.0,21363636.363636367,10.0,220.0,-12.0,18.0,,,,,,,,,chelsea,west ham united,Chelsea,West Ham United,24,2025-10-26,0.6669038767880806,0.22801845055814327,0.10507767265377609,0.0,0.0,0.0,0.0,0.0
,,,,,,,,,,,,17.0,-1047700000.0,-1033700000.0,8.200000000000001,1.0,0.0,,,,-1290.0,20.0,-40.0,,,,,,,,,leeds united,arsenal,Leeds United,Arsenal,24,2025-10-26,0.13177555627864226,0.10224041357064836,0.7659840301507095,0.0,0.0,0.0,0.0,0.0
,,,,,,,,,,,,-4.0,350100000.0,460950000.0,12.6,3.0,1.0,581000000.0,20999999.999999993,6.0,-936.0,-8.0,12.0,,,,,,,,,liverpool,newcastle united,Liverpool,Newcastle United,24,2025-10-26,0.5444667591201454,0.04749946605299913,0.4080337748268555,0.0,0.0,0.0,0.0,0.0
,,,,,,,,,,,,-10.0,560600000.0,410700000.0,-17.900000000000002,8.0,5.0,,,,-1229.0,2.0,-3.0,,,,,,,,,manchester united,fulham,Manchester United,Fulham,24,2025-10-26,0.4896513937833618,0.5075238765626703,0.0028247296539679343,0.0,0.0,0.0,0.0,0.0
,,,,,,,,,,,,-3.0,-10200000.0,148800000.0,35.6,6.0,6.0,50000000.0,1666666.6666666642,1.0,62.0,7.0,-6.0,,,,,,,,,nottingham forest,crystal palace,Nottingham Forest,Crystal Palace,24,2025-10-26,0.373053164136417,0.09726242577076898,0.5296844100928141,0.0,0.0,0.0,0.0,0.0
1.0,0.0,-12.0,1358.0,-2.0,2.0,212.0,0.0,,,,,,,,,,,,,,4.0,,,,,,,,,,,sunderland,burnley,Sunderland,Burnley,24,2025-10-26,0.5178462640602272,0.41561987967034986,0.066533856269423,0.0,0.0,0.0,0.0,0.0
,,,,,,,,,,,,3.0,-487900000.0,-338900000.0,13.899999999999999,-1.0,-1.0,-497000000.0,-19791666.666666664,-4.0,-3268.0,14.0,-23.0,,,,,,,,,tottenham hotspur,manchester city,Tottenham Hotspur,Manchester City,24,2025-10-26,0.20714995493400623,0.030973686268103717,0.7618763587978901,0.0,0.0,0.0,0.0,0.0
-4.0,10.0,13.0,0.0,,,,,,,,,4.0,-101450000.0,-55200000.0,11.7,-7.0,1.0,0.0,0.0,0.0,-537.0,3.0,-6.0,,,,,,,,,wolverhampton wanderers,bournemouth,Wolverhampton Wanderers,AFC Bournemouth,24,2025-10-26,0.40111169333094504,0.01052324079328423,0.5883650658757708,0.0,0.0,0.0,0.0,0.0
4.0,34.0,-11.0,-1428.0,2.0,0.0,0.0,1.0,,,,,4.0,-144550000.0,-164000000.0,-5.7,3.0,1.0,-183000000.0,-4600000.0,-4.0,-238.0,5.0,-6.0,,,,,,,,,bournemouth,aston villa,AFC Bournemouth,Aston Villa,25,2025-10-26,0.4020135468102205,0.1999029216965147,0.39808353149326475,0.0,0.0,0.0,0.0,0.0
1.0,0.0,14.0,-94.0,2.0,0.0,-212.0,1.0,,,,,,,,,,,,,,1653.0,,,,,,,,,,,arsenal,sunderland,Arsenal,Sunderland,25,2025-10-26,0.5952483989092604,0.38583220941981583,0.01891939167092368,0.0,0.0,0.0,0.0,0.0
,,,,,,,,,,,,-1.0,120400000.0,29900000.0,-14.599999999999998,7.0,9.0,-10000000.0,-5000000.0,0.0,-116.0,2.0,0.0,,,,,,,,,brighton and hove albion,crystal palace,Brighton and Hove Albion,Crystal Palace,25,2025-10-26,0.7127260135604203,0.15080525628348626,0.1364687301560934,0.0,0.0,0.0,0.0,0.0
,,,,,,,,,,,,6.0,-150750000.0,-145550000.0,-0.19999999999999973,4.0,4.0,,,,188.0,7.0,-20.0,,,,,,,,,burnley,west ham united,Burnley,West Ham United,25,2025-10-26,0.27283015492768564,0.08615566338879634,0.6410141816835179,0.0,0.0,0.0,0.0,0.0
,,,,,,,,,,,,1.0,-8600000.0,-31100000.0,-6.500000000000001,-13.0,-11.0,,,,1290.0,5.0,-10.0,,,,,,,,,fulham,everton,Fulham,Everton,25,2025-10-26,0.14812072167144824,0.430473971085725,0.4214053072428267,0.0,0.0,0.0,0.0,0.0
,,,,,,,,,,,,10.0,-173700000.0,-284700000.0,-21.5,-6.0,-5.0,,,,169.0,10.0,-28.0,,,,,,,,,leeds united,nottingham forest,Leeds United,Nottingham Forest,25,2025-10-26,0.46437761465010796,0.09559945828368348,0.44002292706620855,0.0,0.0,0.0,0.0,0.0
3.0,30.0,13.0,-283.0,-1.0,3.0,3.0,0.0,,,,,1.0,-280000000.0,-110000000.0,14.899999999999999,-1.0,-4.0,-128000000.0,10958333.333333328,-4.0,-2892.0,-2.0,5.0,,,,,,,,,liverpool,manchester city,Liverpool,Manchester City,25,2025-10-26,0.6140150643691167,0.308517958006042,0.07746697762484135,0.0,0.0,0.0,0.0,0.0
,,,,,,,,,,,,1.0,60100000.0,-142900000.0,-23.200000000000003,-2.0,-3.0,-33000000.0,5716666.666666664,-2.0,213.0,-2.0,4.0,,,,,,,,,manchester united,tottenham hotspur,Manchester United,Tottenham Hotspur,25,2025-10-26,0.6759056173318825,0.3116456967952124,0.012448685872905102,0.0,0.0,0.0,0.0,0.0
,,,,,,,,,,,,-5.0,303200000.0,266850000.0,-5.9,-3.0,-1.0,,,,1327.0,-1.0,1.0,,,,,,,,,newcastle united,brentford,Newcastle United,Brentford,25,2025-10-26,0.32111407153293103,0.21026912921248733,0.46861679925458155,0.0,0.0,0.0,0.0,0.0
-7.0,44.0,3.0,-1639.0,,,,,,,,,13.0,-851000000.0,-752200000.0,10.2,-13.0,-4.0,-635000000.0,-21363636.363636367,-10.0,-199.0,10.0,-15.0,,,,,,,,,wolverhampton wanderers,chelsea,Wolverhampton Wanderers,Chelsea,25,2025-10-26,0.5733217054197003,0.14438833374470977,0.2822899608355899,0.0,0.0,0.0,0.0,0.0
,,,,,,,,,,,,-1.0,-11600000.0,84900000.0,16.7,-6.0,-5.0,143000000.0,4600000.0,3.0,588.0,-1.0,0.0,,,,,,,,,aston villa,brighton and hove albion,Aston Villa,Brighton and Hove Albion,26,2025-10-26,0.5390105362666239,0.15942922516269728,0.3015602385706788,0.0,0.0,0.0,0.0,0.0
-6.0,28.0,-1.0,-1264.0,0.0,-2.0,0.0,-2.0,,,,,11.0,-933300000.0,-937800000.0,0.7999999999999999,0.0,-2.0,,,,-2014.0,8.0,-9.0,,,,,,,,,brentford,arsenal,Brentford,Arsenal,26,2025-10-26,0.2422626261933352,0.006397323802889771,0.7513400500037749,0.0,0.0,0.0,0.0,0.0
,,,,,,,,,,,,-14.0,897700000.0,783700000.0,-16.200000000000003,10.0,9.0,,,,-335.0,-18.0,37.0,,,,,,,,,chelsea,leeds united,Chelsea,Leeds United,26,2025-10-26,0.9283644914344991,0.07160349163070537,3.201693479556716e-05,0.0,0.0,0.0,0.0,0.0
0.0,40.0,0.0,0.0,-2.0,0.0,0.0,1.0,,,,,-9.0,220300000.0,206050000.0,-1.2000000000000002,-8.0,-8.0,,,,136.0,-18.0,35.0,,,,,,,,,crystal palace,burnley,Crystal Palace,Burnley,26,2025-10-26,0.38060868375256773,0.24667709420689188,0.3727142220405404,0.0,0.0,0.0,0.0,0.0
1.0,-3.0,18.0,0.0,0.0,4.0,0.0,-2.0,,,,,2.0,-80250000.0,-14400000.0,17.200000000000003,-2.0,0.0,10000000.0,10000000.0,0.0,-560.0,-3.0,5.0,,,,,,,,,everton,bournemouth,Everton,AFC Bournemouth,26,2025-10-26,0.7429056123693742,0.0018610648065487388,0.25523332282407707,0.0,0.0,0.0,0.0,0.0
,,,,,,,,,,,,-14.0,988400000.0,892500000.0,-8.6,11.0,9.0,,,,1826.0,-10.0,16.0,,,,,,,,,manchester city,fulham,Manchester City,Fulham,26,2025-10-26,0.9909053266344531,0.008873246145033572,0.00022142722051332804,0.0,0.0,0.0,0.0,0.0
,,,,,,,,,,,,-9.0,127000000.0,253200000.0,27.5,9.0,0.0,100000000.0,6666666.666666664,2.0,365.0,-2.0,6.0,,,,,,,,,nottingham forest,wolverhampton wanderers,Nottingham Forest,Wolverhampton Wanderers,26,2025-10-26,0.5168810102325455,0.08962610247147984,0.3934928872959746,0.0,0.0,0.0,0.0,0.0
-3.0,-30.0,-13.0,-12.0,-2.0,-1.0,-5.0,1.0,,,,,,,,,,,,,,-30.0,,,,,,,,,,,sunderland,liverpool,Sunderland,Liverpool,26,2025-10-26,0.016422558576746023,0.4020756283155832,0.5815018131076708,0.0,0.0,0.0,0.0,0.0
,,,,,,,,,,,,-2.0,142200000.0,232050000.0,11.6,3.0,4.0,212000000.0,-9750000.0,6.0,-1312.0,8.0,-16.0,,,,,,,,,tottenham hotspur,newcastle united,Tottenham Hotspur,Newcastle United,26,2025-10-26,0.26952951455731705,0.06407689267060841,0.6663935927720746,0.0,0.0,0.0,0.0,0.0
,,,,,,,,,,,,8.0,-505550000.0,-376500000.0,12.200000000000001,7.0,5.0,-468000000.0,-10800000.0,-9.0,-59.0,1.0,-1.0,,,,,,,,,west ham united,manchester united,West Ham United,Manchester United,26,2025-10-26,0.2874391511693022,0.08720003261821377,0.6253608162124841,0.0,0.0,0.0,0.0,0.0
,,,,,,,,,,,,-9.0,292700000.0,250700000.0,-12.0,1.0,3.0,,,,241.0,-16.0,34.0,,,,,,,,,aston villa,leeds united,Aston Villa,Leeds United,27,2025-10-26,0.4801662317126782,0.21612007422923002,0.3037136940580919,0.0,0.0,0.0,0.0,0.0
,,,,,,,,,,,,2.0,-189900000.0,-69900000.0,21.299999999999997,-8.0,-10.0,,,,-377.0,3.0,-3.0,,,,,,,,,brentford,brighton and hove albion,Brentford,Brighton and Hove Albion,27,2025-10-26,0.41940355705725524,0.29588133169315517,0.28471511124958954,0.0,0.0,0.0,0.0,0.0
3.0,0.0,-2.0,1639.0,2.0,3.0,403.0,1.0,,,,,-16.0,934100000.0,853850000.0,-3.3000000000000007,2.0,2.0,,,,32.0,-19.0,38.0,,,,,,,,,chelsea,burnley,Chelsea,Burnley,27,2025-10-26,0.3767174631333369,0.5025764065686475,0.1207061302980155,0.0,0.0,0.0,0.0,0.0
4.0,-4.0,-1.0,0.0,,,,,,,,,-6.0,137200000.0,104400000.0,-8.1,3.0,-6.0,50000000.0,5000000.0,1.0,303.0,-9.0,12.0,,,,,,,,,crystal palace,wolverhampton wanderers,Crystal Palace,Wolverhampton Wanderers,27,2025-10-26,0.7189354477060418,0.14202846062424457,0.1390360916697135,0.0,0.0,0.0,0.0,0.0
,,,,,,,,,,,,9.0,-552000000.0,-379600000.0,24.400000000000002,5.0,6.0,-458000000.0,-800000.0,-9.0,-61.0,-7.0,13.0,,,,,,,,,everton,manchester united,Everton,Manchester United,27,2025-10-26,0.3968476688992509,0.03282029070107237,0.5703320403996767,0.0,0.0,0.0,0.0,0.0
,,,,,,,,,,,,-5.0,630100000.0,570950000.0,-2.3,4.0,5.0,709000000.0,10041666.666666664,10.0,1956.0,-6.0,7.0,,,,,,,,,manchester city,newcastle united,Manchester City,Newcastle United,27,2025-10-26,0.6153848717347595,0.20604985465256184,0.1785652736126786,0.0,0.0,0.0,0.0,0.0
,,,,,,,,,,,,5.0,-594000000.0,-539000000.0,22.200000000000003,7.0,7.0,-770000000.0,-29166666.666666664,-9.0,164.0,11.0,-16.0,,,,,,,,,nottingham forest,liverpool,Nottingham Forest,Liverpool,27,2025-10-26,0.16170337185715947,0.05481523593844676,0.7834813922043937,0.0,0.0,0.0,0.0,0.0
,,,,,,,,,,,,,,,,,,,,,-1096.0,,,,,,,,,,,sunderland,fulham,Sunderland,Fulham,27,2025-10-26,0.14371962435780195,0.38518212799096496,0.4710982476512331,0.0,0.0,0.0,0.0,0.0
,,,,,,,,,,,,4.0,-487900000.0,-438900000.0,6.5,0.0,1.0,-609000000.0,-22563725.49019607,-5.0,-1999.0,15.0,-24.0,,,,,,,,,tottenham hotspur,arsenal,Tottenham Hotspur,Arsenal,27,2025-10-26,0.2203151157947042,0.030451929286983172,0.7492329549183127,0.0,0.0,0.0,0.0,0.0
,,,,,,,,,,,,1.0,-33800000.0,-11300000.0,5.0,0.0,-1.0,0.0,0.0,0.0,-558.0,5.0,-9.0,,,,,,,,,west ham united,bournemouth,West Ham United,AFC Bournemouth,27,2025-10-26,0.489253857169304,0.21841449409614005,0.29233164873455597,0.0,0.0,0.0,0.0,0.0
-1.0,34.0,0.0,-1358.0,2.0,-2.0,-212.0,1.0,,,,,,,,,,,,,,366.0,,,,,,,,,,,bournemouth,sunderland,AFC Bournemouth,Sunderland,28,2025-10-26,0.4858202039644049,0.02302012565996267,0.4911596703756323,0.0,0.0,0.0,0.0,0.0
-1.0,0.0,4.0,-375.0,-2.0,-1.0,-403.0,0.0,,,,,-3.0,150000000.0,250000000.0,8.0,-11.0,-9.0,475000000.0,6283422.45989304,6.0,1625.0,-2.0,3.0,,,,,,,,,arsenal,chelsea,Arsenal,Chelsea,28,2025-10-26,0.4588238442812187,0.2343478139718246,0.3068283417469567,0.0,0.0,0.0,0.0,0.0
,,,,,,,,,,,,2.0,130600000.0,-118900000.0,-50.2,1.0,3.0,-60000000.0,-6666666.666666664,-1.0,-178.0,-5.0,6.0,,,,,,,,,brighton and hove albion,nottingham forest,Brighton and Hove Albion,Nottingham Forest,28,2025-10-26,0.6828700504755577,0.30392603652671474,0.01320391299772753,0.0,0.0,0.0,0.0,0.0
4.0,-28.0,-1.0,0.0,0.0,0.0,0.0,1.0,,,,,8.0,-150800000.0,-166050000.0,-5.5,9.0,9.0,,,,357.0,13.0,-32.0,,,,,,,,,burnley,brentford,Burnley,Brentford,28,2025-10-26,0.9711552710421134,0.015494666490369378,0.013350062467517215,0.0,0.0,0.0,0.0,0.0
,,,,,,,,,,,,11.0,-500500000.0,-553600000.0,-5.3,-10.0,-8.0,,,,1442.0,-4.0,7.0,,,,,,,,,fulham,tottenham hotspur,Fulham,Tottenham Hotspur,28,2025-10-26,0.21604716599746832,0.13100483831050236,0.6529479956920293,0.0,0.0,0.0,0.0,0.0
,,,,,,,,,,,,16.0,-1047700000.0,-933700000.0,15.600000000000001,0.0,-2.0,,,,-2559.0,19.0,-39.0,,,,,,,,,leeds united,manchester city,Leeds United,Manchester City,28,2025-10-26,0.07111155055597809,0.010465722730195559,0.9184227267138264,0.0,0.0,0.0,0.0,0.0
,,,,,,,,,,,,-11.0,653350000.0,748300000.0,12.0,-5.0,-5.0,870000000.0,35833333.33333333,11.0,222.0,-15.0,25.0,,,,,,,,,liverpool,west ham united,Liverpool,West Ham United,28,2025-10-26,0.8062414483074289,0.01735824714369694,0.176400304548874,0.0,0.0,0.0,0.0,0.0
,,,,,,,,,,,,-5.0,436000000.0,316000000.0,-10.8,-3.0,-1.0,418000000.0,5800000.0,8.0,-265.0,10.0,-14.0,,,,,,,,,manchester united,crystal palace,Manchester United,Crystal Palace,28,2025-10-26,0.48612022305602204,0.17934278057463113,0.33453699636934686,0.0,0.0,0.0,0.0,0.0
,,,,,,,,,,,,-8.0,349700000.0,290450000.0,-12.8,-6.0,-7.0,279000000.0,4833333.333333336,5.0,1160.0,1.0,-1.0,,,,,,,,,newcastle united,everton,Newcastle United,Everton,28,2025-10-26,0.32064561280596604,0.16239139687648524,0.5169629903175487,0.0,0.0,0.0,0.0,0.0
0.0,44.0,2.0,-1428.0,,,,,,,,,8.0,-246000000.0,-219200000.0,6.0,-4.0,2.0,-183000000.0,-4600000.0,-4.0,-775.0,8.0,-12.0,,,,,,,,,wolverhampton wanderers,aston villa,Wolverhampton Wanderers,Aston Villa,28,2025-10-26,0.6624503851510698,0.15913689744622111,0.1784127174027091,0.0,0.0,0.0,0.0,0.0
4.0,6.0,-13.0,0.0,0.0,0.0,0.0,2.0,,,,,1.0,33750000.0,-9200000.0,-10.3,5.0,6.0,,,,727.0,1.0,-3.0,,,,,,,,,bournemouth,brentford,AFC Bournemouth,Brentford,29,2025-10-26,0.029717321084636966,0.3142224554732472,0.6560602234421159,0.0,0.0,0.0,0.0,0.0
-7.0,0.0,1.0,-211.0,-4.0,-3.0,-403.0,-1.0,,,,,5.0,-605000000.0,-533000000.0,4.2,-9.0,-6.0,-452000000.0,-16763636.363636367,-6.0,576.0,2.0,-3.0,,,,,,,,,aston villa,chelsea,Aston Villa,Chelsea,29,2025-10-26,0.3015646466091028,0.10223684520957112,0.5961985081813261,0.0,0.0,0.0,0.0,0.0
,,,,,,,,,,,,9.0,-743400000.0,-867900000.0,-20.5,8.0,8.0,-1070000000.0,-27647058.823529407,-15.0,-1637.0,5.0,-6.0,,,,,,,,,brighton and hove albion,arsenal,Brighton and Hove Albion,Arsenal,29,2025-10-26,0.6759102035749502,0.19614425842008087,0.1279455380049689,0.0,0.0,0.0,0.0,0.0
1.0,31.0,6.0,0.0,0.0,4.0,0.0,-1.0,,,,,-5.0,104300000.0,142450000.0,12.4,-6.0,-3.0,,,,-190.0,-15.0,34.0,,,,,,,,,everton,burnley,Everton,Burnley,29,2025-10-26,0.7437585349344704,0.008939063929853565,0.24730240113567611,0.0,0.0,0.0,0.0,0.0
,,,,,,,,,,,,2.0,-55050000.0,-34200000.0,5.7,-15.0,-10.0,,,,1288.0,-3.0,4.0,,,,,,,,,fulham,west ham united,Fulham,West Ham United,29,2025-10-26,0.5002834385031146,0.10626944492504503,0.3934471165718403,0.0,0.0,0.0,0.0,0.0
,,,,,,,,,,,,,,,,,,,,,363.0,,,,,,,,,,,leeds united,sunderland,Leeds United,Sunderland,29,2025-10-26,0.4837403181654415,0.21559606163692377,0.30066362019763476,0.0,0.0,0.0,0.0,0.0
,,,,,,,,,,,,-6.0,874000000.0,649000000.0,-37.1,-6.0,-3.0,898000000.0,18208333.333333336,13.0,2728.0,-9.0,11.0,,,,,,,,,manchester city,nottingham forest,Manchester City,Nottingham Forest,29,2025-10-26,0.9031524094357,0.09604108413134649,0.0008065064329536105,0.0,0.0,0.0,0.0,0.0
,,,,,,,,,,,,1.0,-202300000.0,-89150000.0,11.600000000000001,-1.0,-1.0,-179000000.0,4033333.333333336,-4.0,1099.0,-6.0,12.0,,,,,,,,,newcastle united,manchester united,Newcastle United,Manchester United,29,2025-10-26,0.29872559538987653,0.07354739304156946,0.6277270115685539,0.0,0.0,0.0,0.0,0.0
,,,,,,,,,,,,-6.0,375900000.0,458900000.0,12.399999999999999,-1.0,2.0,451000000.0,83333.33333333582,10.0,-478.0,12.0,-18.0,,,,,,,,,tottenham hotspur,crystal palace,Tottenham Hotspur,Crystal Palace,29,2025-10-26,0.397881922176756,0.04533948275173608,0.556778595071508,0.0,0.0,0.0,0.0,0.0
-8.0,14.0,0.0,-1370.0,,,,,,,,,14.0,-721000000.0,-792200000.0,-5.3,-2.0,7.0,-870000000.0,-35833333.33333333,-11.0,-201.0,13.0,-22.0,,,,,,,,,wolverhampton wanderers,liverpool,Wolverhampton Wanderers,Liverpool,29,2025-10-26,0.15229779478460845,0.00985265142444301,0.8378495537909486,0.0,0.0,0.0,0.0,0.0
1.0,-31.0,-4.0,1264.0,0.0,-2.0,0.0,2.0,,,,,-14.0,979800000.0,961400000.0,-7.700000000000001,-3.0,-4.0,1100000000.0,17647058.823529407,16.0,1847.0,-6.0,7.0,,,,,,,,,arsenal,everton,Arsenal,Everton,30,2025-10-26,0.6906434918896207,0.23340544109369252,0.0759510670166868,0.0,0.0,0.0,0.0,0.0
0.0,-16.0,0.0,0.0,,,,,,,,,-5.0,67700000.0,64400000.0,-1.4,2.0,-7.0,,,,-190.0,-4.0,9.0,,,,,,,,,brentford,wolverhampton wanderers,Brentford,Wolverhampton Wanderers,30,2025-10-26,0.25404923636390603,0.25381950517260427,0.4921312584634896,0.0,0.0,0.0,0.0,0.0
0.0,-34.0,12.0,0.0,0.0,0.0,0.0,-1.0,,,,,7.0,-184550000.0,-156850000.0,4.800000000000001,4.0,3.0,,,,-370.0,12.0,-29.0,,,,,,,,,burnley,bournemouth,Burnley,AFC Bournemouth,30,2025-10-26,0.5873969719537216,0.009729616856996748,0.4028734111892816,0.0,0.0,0.0,0.0,0.0
,,,,,,,,,,,,-3.0,480100000.0,420950000.0,-2.9000000000000004,14.0,12.0,346000000.0,6530303.030303031,5.0,-938.0,-5.0,5.0,,,,,,,,,chelsea,newcastle united,Chelsea,Newcastle United,30,2025-10-26,0.6326259925519008,0.11599123848892538,0.2513827689591738,0.0,0.0,0.0,0.0,0.0
,,,,,,,,,,,,-7.0,183900000.0,135900000.0,-14.100000000000001,0.0,-1.0,,,,-231.0,-17.0,34.0,,,,,,,,,crystal palace,leeds united,Crystal Palace,Leeds United,30,2025-10-26,0.3898272939465776,0.3225409054851737,0.2876318005682487,0.0,0.0,0.0,0.0,0.0
,,,,,,,,,,,,-2.0,207900000.0,228900000.0,1.0,0.0,-3.0,369000000.0,30749999.999999993,0.0,376.0,-16.0,28.0,,,,,,,,,liverpool,tottenham hotspur,Liverpool,Tottenham Hotspur,30,2025-10-26,0.5297280688822118,0.017531719418167883,0.4527402116996203,0.0,0.0,0.0,0.0,0.0
,,,,,,,,,,,,-3.0,327200000.0,201200000.0,-12.900000000000002,-4.0,-5.0,285000000.0,6200000.0,5.0,-737.0,9.0,-14.0,,,,,,,,,manchester united,aston villa,Manchester United,Aston Villa,30,2025-10-26,0.41210730970158577,0.21454320693413267,0.3733494833642814,0.0,0.0,0.0,0.0,0.0
,,,,,,,,,,,,-8.0,114400000.0,243500000.0,28.5,17.0,12.0,,,,-902.0,-1.0,5.0,,,,,,,,,nottingham forest,fulham,Nottingham Forest,Fulham,30,2025-10-26,0.7277142560991295,0.040250420384603934,0.23203532351626655,0.0,0.0,0.0,0.0,0.0
,,,,,,,,,,,,,,,,,,,,,-16.0,,,,,,,,,,,sunderland,brighton and hove albion,Sunderland,Brighton and Hove Albion,30,2025-10-26,0.4490546529472507,0.24179530430547833,0.30915004274727104,0.0,0.0,0.0,0.0,0.0
,,,,,,,,,,,,12.0,-933350000.0,-858300000.0,2.9,4.0,1.0,-998000000.0,-24875000.0,-15.0,-3114.0,13.0,-20.0,,,,,,,,,west ham united,manchester city,West Ham United,Manchester City,30,2025-10-26,0.20910968771174082,0.011990519349426854,0.7788997929388324,0.0,0.0,0.0,0.0,0.0
,,,,,,,,,,,,7.0,-471750000.0,-365200000.0,7.200000000000001,7.0,6.0,-468000000.0,-10800000.0,-9.0,499.0,-4.0,8.0,,,,,,,,,bournemouth,manchester united,AFC Bournemouth,Manchester United,31,2025-10-26,0.17733552932282742,0.0750203941662004,0.7476440765109721,0.0,0.0,0.0,0.0,0.0
,,,,,,,,,,,,-5.0,178350000.0,175300000.0,0.6999999999999997,-3.0,0.0,183000000.0,4600000.0,4.0,796.0,-10.0,15.0,,,,,,,,,aston villa,west ham united,Aston Villa,West Ham United,31,2025-10-26,0.5560889106839328,0.14595023200532461,0.29796085731074257,0.0,0.0,0.0,0.0,0.0
,,,,,,,,,,,,7.0,-463400000.0,-657900000.0,-28.0,8.0,10.0,-830000000.0,-35833333.33333333,-10.0,-14.0,6.0,-10.0,,,,,,,,,brighton and hove albion,liverpool,Brighton and Hove Albion,Liverpool,31,2025-10-26,0.8334658082539474,0.11679985976010124,0.049734331985951244,0.0,0.0,0.0,0.0,0.0
-2.0,31.0,8.0,-1639.0,-2.0,1.0,-403.0,-2.0,,,,,11.0,-829800000.0,-711400000.0,15.700000000000001,-8.0,-5.0,-625000000.0,-11363636.363636367,-10.0,-222.0,4.0,-4.0,,,,,,,,,everton,chelsea,Everton,Chelsea,31,2025-10-26,0.5371952426093008,0.15311106504787586,0.3096936923428232,0.0,0.0,0.0,0.0,0.0
,,,,,,,,,,,,-4.0,95700000.0,111350000.0,5.8999999999999995,-19.0,-14.0,,,,1100.0,-10.0,24.0,,,,,,,,,fulham,burnley,Fulham,Burnley,31,2025-10-26,0.30770683087609013,0.029215309885586113,0.6630778592383237,0.0,0.0,0.0,0.0,0.0
,,,,,,,,,,,,6.0,-114400000.0,-95900000.0,7.4,1.0,2.0,,,,724.0,12.0,-31.0,,,,,,,,,leeds united,brentford,Leeds United,Brentford,31,2025-10-26,0.24743416702558707,0.12027875131918989,0.6322870816552231,0.0,0.0,0.0,0.0,0.0
1.0,-40.0,-12.0,1653.0,3.0,0.0,214.0,-2.0,,,,,-9.0,863800000.0,797800000.0,-1.5,0.0,3.0,948000000.0,19875000.0,14.0,2790.0,-2.0,5.0,,,,,,,,,manchester city,crystal palace,Manchester City,Crystal Palace,31,2025-10-26,0.6633205228734617,0.17088706067415885,0.1657924164523795,0.0,0.0,0.0,0.0,0.0
,,,,,,,,,,,,,,,,,,,,,966.0,,,,,,,,,,,newcastle united,sunderland,Newcastle United,Sunderland,31,2025-10-26,0.27377450587161606,0.25022955282017684,0.47599594130820716,0.0,0.0,0.0,0.0,0.0
,,,,,,,,,,,,-3.0,386100000.0,310100000.0,-23.200000000000003,-7.0,-4.0,401000000.0,-1583333.3333333284,9.0,-540.0,5.0,-12.0,,,,,,,,,tottenham hotspur,nottingham forest,Tottenham Hotspur,Nottingham Forest,31,2025-10-26,0.5544100545004832,0.4340972964418122,0.011492649057704649,0.0,0.0,0.0,0.0,0.0
-6.0,44.0,-1.0,-1264.0,,,,,,,,,16.0,-1001000000.0,-1002200000.0,2.1999999999999997,-2.0,5.0,-1110000000.0,-27647058.823529407,-16.0,-1824.0,12.0,-18.0,,,,,,,,,wolverhampton wanderers,arsenal,Wolverhampton Wanderers,Arsenal,31,2025-10-26,0.28245766514775006,0.0008878182696753692,0.7166545165825745,0.0,0.0,0.0,0.0,0.0
2.0,-34.0,14.0,1264.0,0.0,2.0,0.0,0.0,,,,,-12.0,899550000.0,947000000.0,9.5,-5.0,-4.0,1110000000.0,27647058.823529407,16.0,1287.0,-9.0,12.0,,,,,,,,,arsenal,bournemouth,Arsenal,AFC Bournemouth,32,2025-10-26,0.8805723242250802,0.0012530720803165087,0.1181746036946031,0.0,0.0,0.0,0.0,0.0
-5.0,-3.0,-5.0,0.0,0.0,-4.0,0.0,0.0,,,,,-3.0,46500000.0,23600000.0,-6.9,-3.0,-6.0,,,,-167.0,2.0,-2.0,,,,,,,,,brentford,everton,Brentford,Everton,32,2025-10-26,0.24912319820054799,0.5159886646315295,0.2348881371679225,0.0,0.0,0.0,0.0,0.0
,,,,,,,,,,,,10.0,-340700000.0,-235950000.0,15.799999999999999,1.0,-1.0,,,,-20.0,16.0,-35.0,,,,,,,,,burnley,brighton and hove albion,Burnley,Brighton and Hove Albion,32,2025-10-26,0.14255304997032556,0.061811439437456914,0.7956355105922176,0.0,0.0,0.0,0.0,0.0
2.0,0.0,10.0,-14.0,1.0,3.0,189.0,2.0,,,,,2.0,-150000000.0,-150000000.0,-0.6000000000000005,10.0,7.0,-363000000.0,-3511363.636363633,-5.0,-2894.0,1.0,-2.0,,,,,,,,,chelsea,manchester city,Chelsea,Manchester City,32,2025-10-26,0.30843077331138796,0.22874117607219782,0.4628280506164143,0.0,0.0,0.0,0.0,0.0
,,,,,,,,,,,,4.0,-233700000.0,-226850000.0,-0.7999999999999998,4.0,2.0,-239000000.0,-9833333.333333336,-4.0,-834.0,-4.0,2.0,,,,,,,,,crystal palace,newcastle united,Crystal Palace,Newcastle United,32,2025-10-26,0.3881077263666546,0.30682389153248124,0.30506838210086423,0.0,0.0,0.0,0.0,0.0
,,,,,,,,,,,,-13.0,708400000.0,782500000.0,6.3,10.0,5.0,,,,-1066.0,-12.0,21.0,,,,,,,,,liverpool,fulham,Liverpool,Fulham,32,2025-10-26,0.7177491804990463,0.15020105642388454,0.13204976307706923,0.0,0.0,0.0,0.0,0.0
,,,,,,,,,,,,-12.0,619900000.0,451900000.0,-24.900000000000002,-3.0,-2.0,,,,-496.0,-7.0,20.0,,,,,,,,,manchester united,leeds united,Manchester United,Leeds United,32,2025-10-26,0.5789947521331669,0.42073468485812465,0.0002705630087084561,0.0,0.0,0.0,0.0,0.0
,,,,,,,,,,,,-1.0,-119000000.0,34000000.0,33.5,5.0,2.0,-83000000.0,2066666.6666666642,-2.0,-410.0,6.0,-6.0,,,,,,,,,nottingham forest,aston villa,Nottingham Forest,Aston Villa,32,2025-10-26,0.3696136733201472,0.34985577370449855,0.28053055297535423,0.0,0.0,0.0,0.0,0.0
,,,,,,,,,,,,,,,,,,,,,346.0,,,,,,,,,,,sunderland,tottenham hotspur,Sunderland,Tottenham Hotspur,32,2025-10-26,0.4804706307638578,0.22966726350536817,0.28986210573077403,0.0,0.0,0.0,0.0,0.0
,,,,,,,,,,,,-3.0,67650000.0,43900000.0,-6.699999999999999,7.0,-2.0,0.0,0.0,0.0,-21.0,2.0,-3.0,,,,,,,,,west ham united,wolverhampton wanderers,West Ham United,Wolverhampton Wanderers,32,2025-10-26,0.4070707789630856,0.32443380247853154,0.2684954185583829,0.0,0.0,0.0,0.0,0.0
-5.0,0.0,11.0,70.0,0.0,-2.0,-212.0,0.0,,,,,,,,,,,,,,604.0,,,,,,,,,,,aston villa,sunderland,Aston Villa,Sunderland,33,2025-10-26,0.20945162362930683,0.7411642730291385,0.049384103341554624,0.0,0.0,0.0,0.0,0.0
,,,,,,,,,,,,-4.0,55100000.0,54700000.0,-0.40000000000000013,10.0,5.0,,,,-1457.0,-3.0,8.0,,,,,,,,,brentford,fulham,Brentford,Fulham,33,2025-10-26,0.301962315941262,0.33480996707084465,0.3632277169878933,0.0,0.0,0.0,0.0,0.0
,,,,,,,,,,,,-2.0,277800000.0,331800000.0,8.700000000000001,13.0,11.0,167000000.0,10563636.363636367,1.0,161.0,-11.0,17.0,,,,,,,,,chelsea,manchester united,Chelsea,Manchester United,33,2025-10-26,0.86060489074823,0.023571037782528736,0.11582407146924131,0.0,0.0,0.0,0.0,0.0
,,,,,,,,,,,,-3.0,69550000.0,60500000.0,-1.4,-4.0,-4.0,50000000.0,5000000.0,1.0,324.0,-11.0,15.0,,,,,,,,,crystal palace,west ham united,Crystal Palace,West Ham United,33,2025-10-26,0.5649038649761253,0.28405913594550025,0.15103699907837448,0.0,0.0,0.0,0.0,0.0
-3.0,1.0,5.0,-1370.0,0.0,1.0,-217.0,0.0,,,,,12.0,-699800000.0,-751400000.0,0.20000000000000107,3.0,6.0,-860000000.0,-25833333.33333333,-11.0,-224.0,7.0,-11.0,,,,,,,,,everton,liverpool,Everton,Liverpool,33,2025-10-26,0.07554994904275159,0.7674917900591735,0.15695826089807494,0.0,0.0,0.0,0.0,0.0
,,,,,,,,,,,,1.0,-46700000.0,-31500000.0,6.000000000000001,3.0,-5.0,,,,534.0,8.0,-22.0,,,,,,,,,leeds united,wolverhampton wanderers,Leeds United,Wolverhampton Wanderers,33,2025-10-26,0.4348082867882245,0.2539330999282504,0.3112586132835253,0.0,0.0,0.0,0.0,0.0
-1.0,0.0,-14.0,389.0,1.0,-2.0,214.0,-2.0,,,,,1.0,0.0,-100000000.0,-7.3999999999999995,1.0,2.0,-112000000.0,-2772058.8235294074,-1.0,1269.0,1.0,-1.0,,,,,,,,,manchester city,arsenal,Manchester City,Arsenal,33,2025-10-26,0.6122015576690785,0.3063021599906142,0.08149628234030733,0.0,0.0,0.0,0.0,0.0
,,,,,,,,,,,,-6.0,269450000.0,276050000.0,4.4,-8.0,-7.0,289000000.0,14833333.333333336,5.0,600.0,-2.0,4.0,,,,,,,,,newcastle united,bournemouth,Newcastle United,AFC Bournemouth,33,2025-10-26,0.40580043117265774,0.23235050439045038,0.3618490644368919,0.0,0.0,0.0,0.0,0.0
,,,,,,,,,,,,-12.0,210100000.0,354850000.0,34.4,-2.0,-2.0,,,,198.0,-11.0,29.0,,,,,,,,,nottingham forest,burnley,Nottingham Forest,Burnley,33,2025-10-26,0.9463251840310694,0.019109822248924893,0.0345649937200058,0.0,0.0,0.0,0.0,0.0
,,,,,,,,,,,,-5.0,255500000.0,429000000.0,27.0,-8.0,-7.0,461000000.0,5083333.333333336,10.0,-362.0,10.0,-18.0,,,,,,,,,tottenham hotspur,brighton and hove albion,Tottenham Hotspur,Brighton and Hove Albion,33,2025-10-26,0.19818464693202617,0.054427024564358606,0.7473883285036153,0.0,0.0,0.0,0.0,0.0
,,,,,,,,,,,,-5.0,148150000.0,86700000.0,-17.700000000000003,4.0,4.0,,,,3.0,-11.0,28.0,,,,,,,,,bournemouth,leeds united,AFC Bournemouth,Leeds United,34,2025-10-26,0.9096763595109707,0.08766043467442722,0.0026632058146019203,0.0,0.0,0.0,0.0,0.0
,,,,,,,,,,,,-6.0,630100000.0,670950000.0,5.1,3.0,3.0,821000000.0,12813725.490196072,11.0,687.0,-7.0,8.0,,,,,,,,,arsenal,newcastle united,Arsenal,Newcastle United,34,2025-10-26,0.5479324638258871,0.08946633806640102,0.36260119810771185,0.0,0.0,0.0,0.0,0.0
,,,,,,,,,,,,6.0,-593400000.0,-617900000.0,-12.499999999999998,-3.0,-1.0,-595000000.0,-21363636.363636367,-9.0,-12.0,3.0,-3.0,,,,,,,,,brighton and hove albion,chelsea,Brighton and Hove Albion,Chelsea,34,2025-10-26,0.2655609801795725,0.16908704213373718,0.5653519776866903,0.0,0.0,0.0,0.0,0.0
-1.0,0.0,12.0,-1653.0,-1.0,0.0,-214.0,1.0,,,,,18.0,-1084100000.0,-1003850000.0,2.7,8.0,5.0,,,,-2926.0,20.0,-40.0,,,,,,,,,burnley,manchester city,Burnley,Manchester City,34,2025-10-26,0.11934434024861743,0.12712004412066635,0.7535356156307162,0.0,0.0,0.0,0.0,0.0
,,,,,,,,,,,,7.0,-233400000.0,-209500000.0,5.0,-12.0,-10.0,,,,492.0,7.0,-11.0,,,,,,,,,fulham,aston villa,Fulham,Aston Villa,34,2025-10-26,0.4930769614465278,0.005362663805158646,0.5015603747483135,0.0,0.0,0.0,0.0,0.0
4.0,-10.0,1.0,1370.0,2.0,3.0,217.0,-2.0,,,,,-8.0,583800000.0,687800000.0,13.399999999999999,-1.0,-1.0,820000000.0,30833333.33333333,10.0,-102.0,-4.0,10.0,,,,,,,,,liverpool,crystal palace,Liverpool,Crystal Palace,34,2025-10-26,0.4971610482977983,0.16572994730046575,0.33710900440173597,0.0,0.0,0.0,0.0,0.0
,,,,,,,,,,,,-6.0,505500000.0,356000000.0,-17.5,-2.0,0.0,,,,228.0,5.0,-11.0,,,,,,,,,manchester united,brentford,Manchester United,Brentford,34,2025-10-26,0.5234343720934522,0.46851667083946263,0.008048957067085067,0.0,0.0,0.0,0.0,0.0
,,,,,,,,,,,,,,,,,,,,,-194.0,,,,,,,,,,,sunderland,nottingham forest,Sunderland,Nottingham Forest,34,2025-10-26,0.25706463923324385,0.3175956951743123,0.4253396655924438,0.0,0.0,0.0,0.0,0.0
,,,,,,,,,,,,-1.0,46450000.0,3100000.0,-12.200000000000001,2.0,-1.0,-10000000.0,-10000000.0,0.0,2.0,8.0,-14.0,,,,,,,,,west ham united,everton,West Ham United,Everton,34,2025-10-26,0.49332416480940605,0.15578563524092523,0.35089019994966864,0.0,0.0,0.0,0.0,0.0
,,,,,,,,,,,,12.0,-513100000.0,-563300000.0,-4.3,-2.0,4.0,-501000000.0,-5083333.333333336,-11.0,175.0,-3.0,6.0,,,,,,,,,wolverhampton wanderers,tottenham hotspur,Wolverhampton Wanderers,Tottenham Hotspur,34,2025-10-26,0.21943528266348433,0.2537548817338983,0.5268098356026174,0.0,0.0,0.0,0.0,0.0
0.0,-6.0,-12.0,0.0,2.0,0.0,0.0,0.0,,,,,2.0,-35750000.0,-49200000.0,-3.6000000000000005,4.0,5.0,-50000000.0,-5000000.0,-1.0,234.0,6.0,-6.0,,,,,,,,,bournemouth,crystal palace,AFC Bournemouth,Crystal Palace,35,2025-10-26,0.24232821141444766,0.3789859271230768,0.37868586146247557,0.0,0.0,0.0,0.0,0.0
,,,,,,,,,,,,-15.0,988400000.0,992500000.0,-1.2000000000000002,10.0,7.0,,,,557.0,-11.0,17.0,,,,,,,,,arsenal,fulham,Arsenal,Fulham,35,2025-10-26,0.5739885940880405,0.42368889791795605,0.0023225079940034365,0.0,0.0,0.0,0.0,0.0
,,,,,,,,,,,,4.0,-267100000.0,-344100000.0,-10.3,2.0,2.0,-318000000.0,-483333.3333333358,-7.0,950.0,-11.0,18.0,,,,,,,,,aston villa,tottenham hotspur,Aston Villa,Tottenham Hotspur,35,2025-10-26,0.45168877705300825,0.23927354652382166,0.3090376764231701,0.0,0.0,0.0,0.0,0.0
,,,,,,,,,,,,-2.0,50000.0,20500000.0,5.3,-5.0,-5.0,,,,-169.0,-6.0,12.0,,,,,,,,,brentford,west ham united,Brentford,West Ham United,35,2025-10-26,0.5610919532239893,0.07350029795761834,0.3654077488183924,0.0,0.0,0.0,0.0,0.0
,,,,,,,,,,,,-4.0,724000000.0,499000000.0,-37.7,4.0,4.0,535000000.0,14696969.696969703,8.0,-166.0,-8.0,9.0,,,,,,,,,chelsea,nottingham forest,Chelsea,Nottingham Forest,35,2025-10-26,0.6528033022810047,0.3387118643183641,0.008484833400631248,0.0,0.0,0.0,0.0,0.0
0.0,31.0,18.0,-1653.0,-1.0,4.0,-214.0,0.0,,,,,13.0,-979800000.0,-861400000.0,15.100000000000001,2.0,2.0,-988000000.0,-14875000.0,-15.0,-3116.0,5.0,-6.0,,,,,,,,,everton,manchester city,Everton,Manchester City,35,2025-10-26,0.15253162324935213,0.08050850372781777,0.7669598730228301,0.0,0.0,0.0,0.0,0.0
,,,,,,,,,,,,-2.0,36400000.0,70150000.0,12.9,-8.0,-7.0,,,,367.0,-1.0,1.0,,,,,,,,,leeds united,burnley,Leeds United,Burnley,35,2025-10-26,0.5150252976990696,0.14873169400224512,0.3362430082986853,0.0,0.0,0.0,0.0,0.0
,,,,,,,,,,,,3.0,-147800000.0,-371800000.0,-24.200000000000003,-2.0,0.0,-402000000.0,-25033333.33333333,-2.0,-163.0,14.0,-24.0,,,,,,,,,manchester united,liverpool,Manchester United,Liverpool,35,2025-10-26,0.4831812937730344,0.24779159895858147,0.269027107268384,0.0,0.0,0.0,0.0,0.0
,,,,,,,,,,,,-3.0,113300000.0,196950000.0,15.399999999999999,-11.0,-11.0,249000000.0,14833333.333333336,4.0,950.0,2.0,-2.0,,,,,,,,,newcastle united,brighton and hove albion,Newcastle United,Brighton and Hove Albion,35,2025-10-26,0.32524377318062536,0.2736392140883444,0.4011170127310303,0.0,0.0,0.0,0.0,0.0
-5.0,44.0,13.0,-1358.0,,,,,,,,,,,,,,,,,,-171.0,,,,,,,,,,,wolverhampton wanderers,sunderland,Wolverhampton Wanderers,Sunderland,35,2025-10-26,0.5948043638846857,0.012690335785530436,0.3925053003297838,0.0,0.0,0.0,0.0,0.0
,,,,,,,,,,,,-7.0,257600000.0,134300000.0,-22.7,10.0,3.0,40000000.0,0.0,1.0,187.0,-7.0,12.0,,,,,,,,,brighton and hove albion,wolverhampton wanderers,Brighton and Hove Albion,Wolverhampton Wanderers,36,2025-10-26,0.6829952236938481,0.30677409409766593,0.010230682208485786,0.0,0.0,0.0,0.0,0.0
4.0,0.0,1.0,-1428.0,2.0,0.0,0.0,0.0,,,,,11.0,-329100000.0,-320850000.0,-0.8999999999999995,7.0,4.0,,,,-608.0,17.0,-35.0,,,,,,,,,burnley,aston villa,Burnley,Aston Villa,36,2025-10-26,0.18993456903936418,0.19558545222969442,0.6144799787309414,0.0,0.0,0.0,0.0,0.0
-1.0,9.0,-6.0,0.0,-2.0,-4.0,0.0,2.0,,,,,-4.0,116000000.0,63600000.0,-13.600000000000001,-2.0,-5.0,40000000.0,-5000000.0,1.0,326.0,-3.0,1.0,,,,,,,,,crystal palace,everton,Crystal Palace,Everton,36,2025-10-26,0.08209857578568458,0.4966964164335975,0.42120500778071773,0.0,0.0,0.0,0.0,0.0
,,,,,,,,,,,,3.0,-88850000.0,-45500000.0,10.700000000000001,-15.0,-11.0,,,,730.0,2.0,-5.0,,,,,,,,,fulham,bournemouth,Fulham,AFC Bournemouth,36,2025-10-26,0.25703544676750456,0.49101768484754515,0.25194686838495023,0.0,0.0,0.0,0.0,0.0
1.0,30.0,3.0,-269.0,-2.0,0.0,-186.0,-2.0,,,,,-1.0,-130000000.0,40000000.0,15.5,-11.0,-11.0,235000000.0,14469696.969696961,1.0,2.0,-3.0,7.0,,,,,,,,,liverpool,chelsea,Liverpool,Chelsea,36,2025-10-26,0.30926299001470753,0.4617263943479692,0.2290106156373234,0.0,0.0,0.0,0.0,0.0
5.0,-28.0,-13.0,1653.0,1.0,0.0,214.0,0.0,,,,,-10.0,933300000.0,837800000.0,-8.2,1.0,4.0,,,,3283.0,-7.0,8.0,,,,,,,,,manchester city,brentford,Manchester City,Brentford,36,2025-10-26,0.7572886681753237,0.0006746085539575876,0.24203672327071873,0.0,0.0,0.0,0.0,0.0
,,,,,,,,,,,,1.0,-243900000.0,-78050000.0,34.8,10.0,8.0,-189000000.0,-8166666.666666672,-3.0,-772.0,3.0,-4.0,,,,,,,,,nottingham forest,newcastle united,Nottingham Forest,Newcastle United,36,2025-10-26,0.7021776767563422,0.17311389401586175,0.12470842922779607,0.0,0.0,0.0,0.0,0.0
,,,,,,,,,,,,,,,,,,,,,133.0,,,,,,,,,,,sunderland,manchester united,Sunderland,Manchester United,36,2025-10-26,0.45323636195126227,0.2410885367560959,0.30567510129264186,0.0,0.0,0.0,0.0,0.0
,,,,,,,,,,,,-13.0,559800000.0,594800000.0,-1.700000000000001,-1.0,1.0,,,,-709.0,-5.0,16.0,,,,,,,,,tottenham hotspur,leeds united,Tottenham Hotspur,Leeds United,36,2025-10-26,0.3256880266072677,0.31967868921185916,0.3546332841808732,0.0,0.0,0.0,0.0,0.0
,,,,,,,,,,,,13.0,-933350000.0,-958300000.0,-4.5,5.0,3.0,-1110000000.0,-27647058.823529407,-16.0,-1845.0,14.0,-21.0,,,,,,,,,west ham united,arsenal,West Ham United,Arsenal,36,2025-10-26,0.24289133524281403,0.01573345430712478,0.7413752104500612,0.0,0.0,0.0,0.0,0.0
-1.0,34.0,0.0,-1653.0,-1.0,0.0,-214.0,2.0,,,,,11.0,-899550000.0,-847000000.0,-2.1000000000000005,4.0,2.0,-998000000.0,-24875000.0,-15.0,-2556.0,8.0,-11.0,,,,,,,,,bournemouth,manchester city,AFC Bournemouth,Manchester City,37,2025-10-26,0.12816811581160703,0.003488791072595143,0.8683430931157978,0.0,0.0,0.0,0.0,0.0
2.0,0.0,2.0,1264.0,0.0,2.0,0.0,1.0,,,,,-19.0,1084100000.0,1103850000.0,4.699999999999999,-9.0,-7.0,,,,1657.0,-21.0,41.0,,,,,,,,,arsenal,burnley,Arsenal,Burnley,37,2025-10-26,0.7537149065834938,0.12344733047289898,0.12283776294360708,0.0,0.0,0.0,0.0,0.0
-8.0,-30.0,-2.0,58.0,-2.0,-3.0,-217.0,1.0,,,,,6.0,-475000000.0,-573000000.0,-11.3,2.0,5.0,-687000000.0,-31233333.33333333,-7.0,574.0,5.0,-10.0,,,,,,,,,aston villa,liverpool,Aston Villa,Liverpool,37,2025-10-26,0.10083445815084204,0.1983073293969075,0.7008582124522506,0.0,0.0,0.0,0.0,0.0
-4.0,-12.0,1.0,0.0,2.0,0.0,0.0,-2.0,,,,,1.0,-69500000.0,-40000000.0,6.699999999999999,-1.0,-1.0,,,,-493.0,5.0,-3.0,,,,,,,,,brentford,crystal palace,Brentford,Crystal Palace,37,2025-10-26,0.23144808159902094,0.7294563740823949,0.039095544318584294,0.0,0.0,0.0,0.0,0.0
,,,,,,,,,,,,-1.0,337900000.0,188900000.0,-14.5,11.0,8.0,134000000.0,16280303.030303031,-1.0,374.0,-13.0,21.0,,,,,,,,,chelsea,tottenham hotspur,Chelsea,Tottenham Hotspur,37,2025-10-26,0.7113436501343278,0.16154382495391925,0.1271125249117529,0.0,0.0,0.0,0.0,0.0
0.0,31.0,18.0,-1358.0,2.0,2.0,-212.0,-1.0,,,,,,,,,,,,,,-194.0,,,,,,,,,,,everton,sunderland,Everton,Sunderland,37,2025-10-26,0.5996335013900436,0.010293728821996148,0.3900727697879602,0.0,0.0,0.0,0.0,0.0
,,,,,,,,,,,,8.0,-304300000.0,-165800000.0,28.7,-7.0,-8.0,,,,347.0,15.0,-34.0,,,,,,,,,leeds united,brighton and hove albion,Leeds United,Brighton and Hove Albion,37,2025-10-26,0.5975061664933943,0.03876351702134164,0.3637303164852642,0.0,0.0,0.0,0.0,0.0
,,,,,,,,,,,,-2.0,446200000.0,167200000.0,-46.400000000000006,-9.0,-7.0,368000000.0,4133333.333333336,7.0,-327.0,3.0,-8.0,,,,,,,,,manchester united,nottingham forest,Manchester United,Nottingham Forest,37,2025-10-26,0.653194322632773,0.33079425846654503,0.016011418900682084,0.0,0.0,0.0,0.0,0.0
,,,,,,,,,,,,-7.0,303250000.0,287350000.0,-0.6000000000000001,-8.0,-6.0,289000000.0,14833333.333333336,5.0,1158.0,-7.0,13.0,,,,,,,,,newcastle united,west ham united,Newcastle United,West Ham United,37,2025-10-26,0.30963660424103584,0.1471285393128237,0.5432348564461404,0.0,0.0,0.0,0.0,0.0
,,,,,,,,,,,,1.0,-12600000.0,-9700000.0,0.9999999999999998,8.0,12.0,,,,-1267.0,1.0,-1.0,,,,,,,,,wolverhampton wanderers,fulham,Wolverhampton Wanderers,Fulham,37,2025-10-26,0.5973024364182367,0.20626170247479525,0.19643586110696817,0.0,0.0,0.0,0.0,0.0
,,,,,,,,,,,,4.0,-315600000.0,-286100000.0,-3.799999999999997,10.0,10.0,-428000000.0,-10800000.0,-8.0,149.0,-8.0,14.0,,,,,,,,,brighton and hove albion,manchester united,Brighton and Hove Albion,Manchester United,38,2025-10-26,0.4303364971855036,0.15054792931514674,0.41911557349934964,0.0,0.0,0.0,0.0,0.0
4.0,-44.0,-1.0,0.0,,,,,,,,,3.0,-83100000.0,-101650000.0,-6.8999999999999995,11.0,2.0,,,,167.0,9.0,-23.0,,,,,,,,,burnley,wolverhampton wanderers,Burnley,Wolverhampton Wanderers,38,2025-10-26,0.5937878326113174,0.386375911989874,0.019836255398808587,0.0,0.0,0.0,0.0,0.0
-2.0,40.0,-2.0,-1264.0,-2.0,-2.0,0.0,0.0,,,,,10.0,-863800000.0,-897800000.0,-5.8999999999999995,1.0,-1.0,-1060000000.0,-22647058.823529407,-15.0,-1521.0,3.0,-6.0,,,,,,,,,crystal palace,arsenal,Crystal Palace,Arsenal,38,2025-10-26,0.16552505061773937,0.16795248613208014,0.6665224632501806,0.0,0.0,0.0,0.0,0.0
,,,,,,,,,,,,9.0,-358300000.0,-321550000.0,6.3,-7.0,-4.0,,,,130.0,4.0,-9.0,,,,,,,,,fulham,newcastle united,Fulham,Newcastle United,38,2025-10-26,0.2518321850957953,0.07690220541890797,0.6712656094852967,0.0,0.0,0.0,0.0,0.0
8.0,2.0,0.0,1370.0,0.0,3.0,217.0,0.0,,,,,-9.0,653300000.0,727800000.0,6.699999999999999,0.0,0.0,,,,391.0,-9.0,13.0,,,,,,,,,liverpool,brentford,Liverpool,Brentford,38,2025-10-26,0.9888908378427159,0.001778902039186116,0.009330260118097851,0.0,0.0,0.0,0.0,0.0
5.0,0.0,-11.0,225.0,3.0,0.0,214.0,-1.0,,,,,-7.0,755000000.0,683000000.0,-3.5999999999999996,-1.0,-1.0,815000000.0,20275000.0,11.0,2318.0,-3.0,5.0,,,,,,,,,manchester city,aston villa,Manchester City,Aston Villa,38,2025-10-26,0.9993540864156819,5.212754257529202e-05,0.0005937860417429736,0.0,0.0,0.0,0.0,0.0
,,,,,,,,,,,,-5.0,25550000.0,198000000.0,39.2,2.0,1.0,100000000.0,6666666.666666664,2.0,-172.0,1.0,0.0,,,,,,,,,nottingham forest,bournemouth,Nottingham Forest,AFC Bournemouth,38,2025-10-26,0.5291447947660661,0.1244284398304517,0.34642676540348216,0.0,0.0,0.0,0.0,0.0
-2.0,0.0,-10.0,-281.0,-4.0,-1.0,-191.0,-1.0,,,,,,,,,,,,,,-28.0,,,,,,,,,,,sunderland,chelsea,Sunderland,Chelsea,38,2025-10-26,0.20135457790257658,0.19676693788549604,0.6018784842119274,0.0,0.0,0.0,0.0,0.0
,,,,,,,,,,,,-10.0,491900000.0,522500000.0,-1.200000000000001,-3.0,-3.0,491000000.0,-4916666.666666664,11.0,-152.0,9.0,-17.0,,,,,,,,,tottenham hotspur,everton,Tottenham Hotspur,Everton,38,2025-10-26,0.3710297420139244,0.26589763837639835,0.36307261960967724,0.0,0.0,0.0,0.0,0.0
,,,,,,,,,,,,-4.0,114350000.0,75400000.0,-12.700000000000001,4.0,3.0,,,,-555.0,-6.0,19.0,,,,,,,,,west ham united,leeds united,West Ham United,Leeds United,38,2025-10-26,0.20271411308017756,0.1612571866362846,0.6360287002835378,0.0,0.0,0.0,0.0,0.0
