home,away,home_slug,away_slug,md,date,pH_model,pD_model,pA_model,pH_blend,pD_blend,pA_blend,exp_pts_home,exp_pts_away
Liverpool,AFC Bournemouth,liverpool,bournemouth,1,2025-08-15,0.8715941706031956,0.12159030004476219,0.006815529352042213,,,,,
Aston Villa,Newcastle United,aston villa,newcastle united,1,2025-08-16,0.4043786501987731,0.26835970385998825,0.32726164594123863,,,,,
Brighton and Hove Albion,Fulham,brighton and hove albion,fulham,1,2025-08-16,0.66826010676628,0.31055451250239136,0.021185380731328647,,,,,
Sunderland,West Ham United,sunderland,west ham united,1,2025-08-16,0.45323636195126227,0.2410885367560959,0.30567510129264186,,,,,
Tottenham Hotspur,Burnley,tottenham hotspur,burnley,1,2025-08-16,0.5115014132256883,0.21546974548607603,0.2730288412882356,,,,,
Wolverhampton Wanderers,Manchester City,wolverhampton wanderers,manchester city,1,2025-08-16,0.2832349628532939,0.14002192029367597,0.5767431168530301,,,,,
Chelsea,Crystal Palace,chelsea,crystal palace,1,2025-08-17,0.7499760739636394,0.08523090142161424,0.16479302461474635,,,,,
Manchester United,Arsenal,manchester united,arsenal,1,2025-08-17,0.22608284273239446,0.035573597804823984,0.7383435594627816,,,,,
Nottingham Forest,Brentford,nottingham forest,brentford,1,2025-08-17,0.4576948403125945,0.17871164056042615,0.3635935191269793,,,,,
Leeds United,Everton,leeds united,everton,1,2025-08-18,0.49766187446616755,0.14478161772509687,0.3575565078087357,,,,,
West Ham United,Chelsea,west ham united,chelsea,2,2025-08-22,0.21809707745777765,0.030071957417432862,0.7518309651247894,,,,,
AFC Bournemouth,Wolverhampton Wanderers,bournemouth,wolverhampton wanderers,2,2025-08-23,0.03383961605683261,0.375825629236994,0.5903347547061735,,,,,
Arsenal,Leeds United,arsenal,leeds united,2,2025-08-23,0.8228620819752597,0.17586635181408575,0.0012715662106545164,,,,,
Brentford,Aston Villa,brentford,aston villa,2,2025-08-23,0.2594644260276203,0.2523388821869794,0.4881966917854002,,,,,
Burnley,Sunderland,burnley,sunderland,2,2025-08-23,0.43569896934183416,0.48135750275088185,0.08294352790728396,,,,,
Manchester City,Tottenham Hotspur,manchester city,tottenham hotspur,2,2025-08-23,0.8447311239855475,0.11270527147836222,0.04256360453609032,,,,,
Crystal Palace,Nottingham Forest,crystal palace,nottingham forest,2,2025-08-24,0.6506956690656946,0.3400591583226179,0.00924517261168752,,,,,
Everton,Brighton and Hove Albion,everton,brighton and hove albion,2,2025-08-24,0.4444108977011281,0.2513297450185474,0.30425935728032455,,,,,
Fulham,Manchester United,fulham,manchester united,2,2025-08-24,0.1460568264755527,0.03622260606712943,0.8177205674573179,,,,,
Newcastle United,Liverpool,newcastle united,liverpool,2,2025-08-25,0.10814761616350417,0.14716247639027838,0.7446899074462174,,,,,
Chelsea,Fulham,chelsea,fulham,3,2025-08-30,0.5810609695453888,0.2766784061167292,0.14226062433788195,,,,,
Leeds United,Newcastle United,leeds united,newcastle united,3,2025-08-30,0.5859698040141704,0.0609997924879776,0.353030403497852,,,,,
Manchester United,Burnley,manchester united,burnley,3,2025-08-30,0.2473448275048719,0.6310007107547747,0.12165446174035334,,,,,
Sunderland,Brentford,sunderland,brentford,3,2025-08-30,0.2836172632876316,0.0018303421167916824,0.7145523945955767,,,,,
Tottenham Hotspur,AFC Bournemouth,tottenham hotspur,bournemouth,3,2025-08-30,0.4475141887177339,0.12357983927406686,0.42890597200819924,,,,,
Wolverhampton Wanderers,Everton,wolverhampton wanderers,everton,3,2025-08-30,0.4266511876356306,0.4318525550630555,0.14149625730131404,,,,,
Aston Villa,Crystal Palace,aston villa,crystal palace,3,2025-08-31,0.5508208893825841,0.3392709165426017,0.10990819407481422,,,,,
Brighton and Hove Albion,Manchester City,brighton and hove albion,manchester city,3,2025-08-31,0.14840237091914646,0.011887085727878319,0.8397105433529752,,,,,
Liverpool,Arsenal,liverpool,arsenal,3,2025-08-31,0.5373893584331646,0.3859977195554483,0.0766129220113872,,,,,
Nottingham Forest,West Ham United,nottingham forest,west ham united,3,2025-08-31,0.5408919394698802,0.1115403860066557,0.3475676745234641,,,,,
AFC Bournemouth,Brighton and Hove Albion,bournemouth,brighton and hove albion,4,2025-09-13,0.3209035786549444,0.23037961560295356,0.448716805742102,,,,,
Arsenal,Nottingham Forest,arsenal,nottingham forest,4,2025-09-13,0.8041385613235297,0.19083338134545524,0.005028057331015071,,,,,
Brentford,Chelsea,brentford,chelsea,4,2025-09-13,0.014657412246926495,0.750821732962924,0.23452085479014947,,,,,
Crystal Palace,Sunderland,crystal palace,sunderland,4,2025-09-13,0.25354783442345646,0.007930845922344228,0.7385213196541994,,,,,
Everton,Aston Villa,everton,aston villa,4,2025-09-13,0.29767485985858005,0.30251179391687766,0.3998133462245423,,,,,
Fulham,Leeds United,fulham,leeds united,4,2025-09-13,0.0817431990096169,0.6657542923016657,0.25250250868871726,,,,,
Newcastle United,Wolverhampton Wanderers,newcastle united,wolverhampton wanderers,4,2025-09-13,0.37593001323183717,0.32319635718435225,0.30087362958381053,,,,,
West Ham United,Tottenham Hotspur,west ham united,tottenham hotspur,4,2025-09-13,0.27368669233490894,0.10239706012101792,0.6239162475440732,,,,,
Burnley,Liverpool,burnley,liverpool,4,2025-09-14,0.12097424792351644,0.005004123719144503,0.8740216283573391,,,,,
Manchester City,Manchester United,manchester city,manchester united,4,2025-09-14,0.9379765490666722,0.026496118494659115,0.03552733243866877,,,,,
Brighton and Hove Albion,Tottenham Hotspur,brighton and hove albion,tottenham hotspur,5,2025-09-20,0.5886916722136369,0.3729471001921218,0.03836122759424117,,,,,
Burnley,Nottingham Forest,burnley,nottingham forest,5,2025-09-20,0.49273186371053806,0.09732710071271057,0.40994103557675143,,,,,
Fulham,Brentford,fulham,brentford,5,2025-09-20,0.6014507503486703,0.05671662353211326,0.34183262611921644,,,,,
Liverpool,Everton,liverpool,everton,5,2025-09-20,0.6958950502666152,0.2288970365192539,0.07520791321413094,,,,,
Manchester United,Chelsea,manchester united,chelsea,5,2025-09-20,0.34689270383978993,0.05060490079853645,0.6025023953616736,,,,,
West Ham United,Crystal Palace,west ham united,crystal palace,5,2025-09-20,0.45972173959464313,0.18222239552812322,0.35805586487723373,,,,,
Wolverhampton Wanderers,Leeds United,wolverhampton wanderers,leeds united,5,2025-09-20,0.21501458841779383,0.5631808386743529,0.2218045729078533,,,,,
AFC Bournemouth,Newcastle United,bournemouth,newcastle united,5,2025-09-21,0.3690667474175521,0.3828141356506438,0.24811911693180413,,,,,
Arsenal,Manchester City,arsenal,manchester city,5,2025-09-21,0.2328509737746658,0.2300995758938158,0.5370494503315184,,,,,
Sunderland,Aston Villa,sunderland,aston villa,5,2025-09-21,0.25092244648762796,0.0024603371087667074,0.7466172164036053,,,,,
Brentford,Manchester United,brentford,manchester united,6,2025-09-27,0.22330891713713258,0.11206443925995667,0.6646266436029108,,,,,
Chelsea,Brighton and Hove Albion,chelsea,brighton and hove albion,6,2025-09-27,0.5657610218318341,0.1167819565612842,0.31745702160688183,,,,,
Crystal Palace,Liverpool,crystal palace,liverpool,6,2025-09-27,0.08037436180416052,0.1635796357879884,0.756046002407851,,,,,
Leeds United,AFC Bournemouth,leeds united,bournemouth,6,2025-09-27,0.22137881095019674,0.08885468383090421,0.689766505218899,,,,,
Manchester City,Burnley,manchester city,burnley,6,2025-09-27,0.8736276761873158,0.1261711211597077,0.000201202652976499,,,,,
Nottingham Forest,Sunderland,nottingham forest,sunderland,6,2025-09-27,0.46956036350000213,0.2338906739621565,0.29654896253784124,,,,,
Tottenham Hotspur,Wolverhampton Wanderers,tottenham hotspur,wolverhampton wanderers,6,2025-09-27,0.6518912033113641,0.222121104131764,0.12598769255687187,,,,,
Aston Villa,Fulham,aston villa,fulham,6,2025-09-28,0.6708334854783029,0.15454264537505855,0.17462386914663852,,,,,
Newcastle United,Arsenal,newcastle united,arsenal,6,2025-09-28,0.20314682336549827,0.1918589491055835,0.6049942275289182,,,,,
Everton,West Ham United,everton,west ham united,6,2025-09-29,0.8105702752435204,0.036208358206963,0.15322136654951637,,,,,
AFC Bournemouth,Fulham,bournemouth,fulham,7,2025-09-29,0.7331514355125274,0.04333846915038641,0.22351009533708635,,,,,
Arsenal,West Ham United,arsenal,west ham united,7,2025-10-04,0.9684490074744923,0.025138092332618878,0.0064129001928889895,,,,,
Chelsea,Liverpool,chelsea,liverpool,7,2025-10-04,0.23496572393767257,0.46054781273858003,0.30448646332374746,,,,,
Leeds United,Tottenham Hotspur,leeds united,tottenham hotspur,7,2025-10-04,0.06630944653691327,0.08511136269827686,0.8485791907648098,,,,,
Manchester United,Sunderland,manchester united,sunderland,7,2025-10-04,0.2537760877097643,0.3274978887061311,0.41872602358410455,,,,,
Aston Villa,Burnley,aston villa,burnley,7,2025-10-05,0.20203859955501072,0.6001035768989544,0.19785782354603484,,,,,
Brentford,Manchester City,brentford,manchester city,7,2025-10-05,0.2491350558226197,0.2379804966714941,0.5128844475058861,,,,,
Everton,Crystal Palace,everton,crystal palace,7,2025-10-05,0.4974564656764668,0.33652922689944503,0.16601430742408826,,,,,
Newcastle United,Nottingham Forest,newcastle united,nottingham forest,7,2025-10-05,0.4595812618320196,0.5231228680731637,0.017295870094816743,,,,,
Wolverhampton Wanderers,Brighton and Hove Albion,wolverhampton wanderers,brighton and hove albion,7,2025-10-05,0.49386294102864337,0.03965069684356218,0.4664863621277944,,,,,
Brighton and Hove Albion,Newcastle United,brighton and hove albion,newcastle united,8,2025-10-05,0.6554281880976989,0.16556366480755197,0.17900814709474913,,,,,
Burnley,Leeds United,burnley,leeds united,8,2025-10-05,0.386813657221944,0.2728743677258276,0.34031197505222843,,,,,
Crystal Palace,AFC Bournemouth,crystal palace,bournemouth,8,2025-10-05,0.3804083868478551,0.3736127385886636,0.24597887456348122,,,,,
Fulham,Arsenal,fulham,arsenal,8,2025-10-05,0.13563861690894508,0.14088942374882424,0.7234719593422306,,,,,
Manchester City,Everton,manchester city,everton,8,2025-10-05,0.5402292895969025,0.4597009937102682,6.971669282927489e-05,,,,,
Nottingham Forest,Chelsea,nottingham forest,chelsea,8,2025-10-05,0.24013796819259503,0.13492650837755263,0.6249355234298524,,,,,
Sunderland,Wolverhampton Wanderers,sunderland,wolverhampton wanderers,8,2025-10-05,0.6329124854978063,0.0023903203679856875,0.36469719413420787,,,,,
Liverpool,Manchester United,liverpool,manchester united,8,2025-10-19,0.7094867623371379,0.014655075631310134,0.275858162031552,,,,,
Tottenham Hotspur,Aston Villa,tottenham hotspur,aston villa,8,2025-10-19,0.1667621137506307,0.0854450852895566,0.7477928009598126,,,,,
West Ham United,Brentford,west ham united,brentford,8,2025-10-20,0.27674462916594256,0.3785192020068781,0.34473616882717933,,,,,
Leeds United,West Ham United,leeds united,west ham united,9,2025-10-20,0.09929983279180284,0.10730867005659993,0.7933914971515972,,,,,
Brentford,Liverpool,brentford,liverpool,9,2025-10-25,0.25239238326775437,0.23921247862551343,0.5083951381067322,,,,,
Chelsea,Sunderland,chelsea,sunderland,9,2025-10-25,0.7882724321850264,0.04756461358813297,0.16416295422684063,,,,,
Manchester United,Brighton and Hove Albion,manchester united,brighton and hove albion,9,2025-10-25,0.4183328871712416,0.03144131155856618,0.5502258012701923,,,,,
Newcastle United,Fulham,newcastle united,fulham,9,2025-10-25,0.313768860118294,0.2905873112365126,0.3956438286451933,,,,,
AFC Bournemouth,Nottingham Forest,bournemouth,nottingham forest,9,2025-10-26,0.6656534607642339,0.31379800430387966,0.02054853493188629,,,,,
Arsenal,Crystal Palace,arsenal,crystal palace,9,2025-10-26,0.5019835230732971,0.4143984167946739,0.0836180601320291,,,,,
Aston Villa,Manchester City,aston villa,manchester city,9,2025-10-26,0.304685313715641,0.2011302872381718,0.49418439904618733,,,,,
Everton,Tottenham Hotspur,everton,tottenham hotspur,9,2025-10-26,0.45523381113295375,0.06180138751768328,0.48296480134936287,,,,,
Wolverhampton Wanderers,Burnley,wolverhampton wanderers,burnley,9,2025-10-26,0.40685829071669993,0.3889852224809625,0.20415648680233753,,,,,
Brighton and Hove Albion,Leeds United,brighton and hove albion,leeds united,10,2025-10-26,0.5732964472170017,0.4222415589148066,0.004461993868191713,,,,,
Burnley,Arsenal,burnley,arsenal,10,2025-10-26,0.009771366114776945,0.24607136806530966,0.7441572658199134,,,,,
Crystal Palace,Brentford,crystal palace,brentford,10,2025-10-26,0.25442875017332917,0.4933263595245708,0.2522448903021001,,,,,
Fulham,Wolverhampton Wanderers,fulham,wolverhampton wanderers,10,2025-10-26,0.1946075645036153,0.3778491220555732,0.42754331344081137,,,,,
Liverpool,Aston Villa,liverpool,aston villa,10,2025-10-26,0.5995287348426508,0.19986176097804012,0.20060950417930914,,,,,
Manchester City,AFC Bournemouth,manchester city,bournemouth,10,2025-10-26,0.9967559793911691,0.002124312300254032,0.0011197083085767617,,,,,
Nottingham Forest,Manchester United,nottingham forest,manchester united,10,2025-10-26,0.19921654180898324,0.13263598928508008,0.6681474689059367,,,,,
Sunderland,Everton,sunderland,everton,10,2025-10-26,0.3899235333161951,0.21179725576315223,0.3982792109206527,,,,,
Tottenham Hotspur,Chelsea,tottenham hotspur,chelsea,10,2025-10-26,0.17259890406241546,0.3410420255910622,0.4863590703465224,,,,,
West Ham United,Newcastle United,west ham united,newcastle united,10,2025-10-26,0.46430557389572413,0.17964639802724439,0.3560480280770314,,,,,
Aston Villa,AFC Bournemouth,aston villa,bournemouth,11,2025-10-26,0.4007354759932726,0.20436739058664447,0.39489713342008287,,,,,
Brentford,Newcastle United,brentford,newcastle united,11,2025-10-26,0.4393427654485484,0.28769616317721425,0.27296107137423736,,,,,
Chelsea,Wolverhampton Wanderers,chelsea,wolverhampton wanderers,11,2025-10-26,0.4227814252236168,0.4337656214985504,0.14345295327783264,,,,,
Crystal Palace,Brighton and Hove Albion,crystal palace,brighton and hove albion,11,2025-10-26,0.3881813193112999,0.30744444513734975,0.3043742355513502,,,,,
Everton,Fulham,everton,fulham,11,2025-10-26,0.4288019606287279,0.13939047437478008,0.43180756499649203,,,,,
Manchester City,Liverpool,manchester city,liverpool,11,2025-10-26,0.46409633892262014,0.3838037406417393,0.1520999204356407,,,,,
Nottingham Forest,Leeds United,nottingham forest,leeds united,11,2025-10-26,0.8864271045729237,0.052323292726209815,0.061249602700866365,,,,,
Sunderland,Arsenal,sunderland,arsenal,11,2025-10-26,0.015639797389117582,0.20359078585990203,0.7807694167509804,,,,,
Tottenham Hotspur,Manchester United,tottenham hotspur,manchester united,11,2025-10-26,0.6836242418431959,0.16025855824093266,0.1561171999158715,,,,,
West Ham United,Burnley,west ham united,burnley,11,2025-10-26,0.5454359930990221,0.3615165401565953,0.09304746674438263,,,,,
AFC Bournemouth,West Ham United,bournemouth,west ham united,12,2025-10-26,0.30677684930537197,0.33702290112403915,0.3562002495705888,,,,,
Arsenal,Tottenham Hotspur,arsenal,tottenham hotspur,12,2025-10-26,0.6877224903758726,0.03912356989518817,0.2731539397289392,,,,,
Brighton and Hove Albion,Brentford,brighton and hove albion,brentford,12,2025-10-26,0.8422075391264296,0.14949253275106095,0.008299928122509478,,,,,
Burnley,Chelsea,burnley,chelsea,12,2025-10-26,0.007545189474618587,0.11394779552194097,0.8785070150034405,,,,,
Fulham,Sunderland,fulham,sunderland,12,2025-10-26,0.17292071883548293,0.09312764640560406,0.733951634758913,,,,,
Leeds United,Aston Villa,leeds united,aston villa,12,2025-10-26,0.6256885528617943,0.08613061663306369,0.28818083050514204,,,,,
Liverpool,Nottingham Forest,liverpool,nottingham forest,12,2025-10-26,0.770863230012608,0.2225357516717135,0.006601018315678589,,,,,
Manchester United,Everton,manchester united,everton,12,2025-10-26,0.6981016305633424,0.2858826501793351,0.0160157192573225,,,,,
Newcastle United,Manchester City,newcastle united,manchester city,12,2025-10-26,0.16531941414304624,0.03877183488143735,0.7959087509755164,,,,,
Wolverhampton Wanderers,Crystal Palace,wolverhampton wanderers,crystal palace,12,2025-10-26,0.4366881595026921,0.13684088881584458,0.4264709516814634,,,,,
Aston Villa,Wolverhampton Wanderers,aston villa,wolverhampton wanderers,13,2025-10-26,0.3357492886524462,0.33262434722612505,0.3316263641214287,,,,,
Brentford,Burnley,brentford,burnley,13,2025-10-26,0.9519297770752985,0.019655071533211343,0.028415151391490066,,,,,
Chelsea,Arsenal,chelsea,arsenal,13,2025-10-26,0.46198326444537324,0.3101585109181729,0.2278582246364538,,,,,
Crystal Palace,Manchester United,crystal palace,manchester united,13,2025-10-26,0.5933317000456951,0.10553639958594375,0.30113190036836096,,,,,
Everton,Newcastle United,everton,newcastle united,13,2025-10-26,0.23780581954587765,0.12278899850639492,0.6394051819477274,,,,,
Manchester City,Leeds United,manchester city,leeds united,13,2025-10-26,0.8621188044744857,0.13787924534525692,1.9501802573979037e-06,,,,,
Nottingham Forest,Brighton and Hove Albion,nottingham forest,brighton and hove albion,13,2025-10-26,0.3809453945499308,0.34288105735953295,0.27617354809053624,,,,,
Sunderland,AFC Bournemouth,sunderland,bournemouth,13,2025-10-26,0.053992895031558956,0.4844731243502425,0.4615339806181985,,,,,
Tottenham Hotspur,Fulham,tottenham hotspur,fulham,13,2025-10-26,0.6527964384010733,0.15624066556753485,0.1909628960313919,,,,,
West Ham United,Liverpool,west ham united,liverpool,13,2025-10-26,0.2947001504541282,0.03581896625846784,0.669480883287404,,,,,
AFC Bournemouth,Everton,bournemouth,everton,14,2025-10-26,0.7422093709386354,0.2575771776267071,0.0002134514346574892,,,,,
Arsenal,Brentford,arsenal,brentford,14,2025-10-26,0.5037099030096902,0.4830286952964695,0.013261401693840299,,,,,
Brighton and Hove Albion,Aston Villa,brighton and hove albion,aston villa,14,2025-10-26,0.6268062000230424,0.3603108325034113,0.012882967473546223,,,,,
Burnley,Crystal Palace,burnley,crystal palace,14,2025-10-26,0.3819808837070274,0.12582617849673838,0.49219293779623435,,,,,
Fulham,Manchester City,fulham,manchester city,14,2025-10-26,0.006990136510758699,0.000693037366110574,0.9923168261231308,,,,,
Leeds United,Chelsea,leeds united,chelsea,14,2025-10-26,0.0710227020538534,0.013087620383136354,0.9158896775630102,,,,,
Liverpool,Sunderland,liverpool,sunderland,14,2025-10-26,0.5925566836048546,0.3839968149368654,0.023446501458280037,,,,,
Manchester United,West Ham United,manchester united,west ham united,14,2025-10-26,0.49408347398682956,0.16343470511247776,0.34248182090069257,,,,,
Newcastle United,Tottenham Hotspur,newcastle united,tottenham hotspur,14,2025-10-26,0.3057801900899464,0.10450265191988604,0.5897171579901677,,,,,
Wolverhampton Wanderers,Nottingham Forest,wolverhampton wanderers,nottingham forest,14,2025-10-26,0.7205917395622261,0.23689554149071146,0.04251271894706259,,,,,
AFC Bournemouth,Chelsea,bournemouth,chelsea,15,2025-10-26,0.12953799022116688,0.24957155673714226,0.6208904530416908,,,,,
Aston Villa,Arsenal,aston villa,arsenal,15,2025-10-26,0.29713467441495056,0.09553750837345207,0.6073278172115973,,,,,
Brighton and Hove Albion,West Ham United,brighton and hove albion,west ham united,15,2025-10-26,0.6799350080593495,0.3134205758151563,0.006644416125494369,,,,,
Everton,Nottingham Forest,everton,nottingham forest,15,2025-10-26,0.690953997262748,0.27773397144156925,0.03131203129568261,,,,,
Fulham,Crystal Palace,fulham,crystal palace,15,2025-10-26,0.02803178624418007,0.4762220136770961,0.4957462000787238,,,,,
Leeds United,Liverpool,leeds united,liverpool,15,2025-10-26,0.12219676029093855,0.060810766333635045,0.8169924733754264,,,,,
Manchester City,Sunderland,manchester city,sunderland,15,2025-10-26,0.8173109668804323,0.1770959132777171,0.00559311984185073,,,,,
Newcastle United,Burnley,newcastle united,burnley,15,2025-10-26,0.6325867596859686,0.2861400300975976,0.08127321021643394,,,,,
Tottenham Hotspur,Brentford,tottenham hotspur,brentford,15,2025-10-26,0.36136958314022716,0.07500409275353807,0.5636263241062348,,,,,
Wolverhampton Wanderers,Manchester United,wolverhampton wanderers,manchester united,15,2025-10-26,0.32682259520678725,0.10538441805530706,0.5677929867379057,,,,,
Arsenal,Wolverhampton Wanderers,arsenal,wolverhampton wanderers,16,2025-10-26,0.5781945202983038,0.27890957309268716,0.14289590660900905,,,,,
Brentford,Leeds United,brentford,leeds united,16,2025-10-26,0.43565340854717133,0.36382140300300964,0.20052518844981904,,,,,
Burnley,Fulham,burnley,fulham,16,2025-10-26,0.3080395154091269,0.6349173293903602,0.05704315520051281,,,,,
Chelsea,Everton,chelsea,everton,16,2025-10-26,0.6926925129506482,0.3071020483813658,0.00020543866798619309,,,,,
Crystal Palace,Manchester City,crystal palace,manchester city,16,2025-10-26,0.0813205877355085,0.24974218363351314,0.6689372286309783,,,,,
Liverpool,Brighton and Hove Albion,liverpool,brighton and hove albion,16,2025-10-26,0.5296236512144461,0.13121019542405146,0.33916615336150235,,,,,
Manchester United,AFC Bournemouth,manchester united,bournemouth,16,2025-10-26,0.37547314202668564,0.32509144433787224,0.2994354136354421,,,,,
Nottingham Forest,Tottenham Hotspur,nottingham forest,tottenham hotspur,16,2025-10-26,0.13775484870812835,0.08027633210740846,0.7819688191844631,,,,,
Sunderland,Newcastle United,sunderland,newcastle united,16,2025-10-26,0.15991492057715126,0.3379259064551356,0.5021591729677132,,,,,
West Ham United,Aston Villa,west ham united,aston villa,16,2025-10-26,0.4120365407261662,0.26839394980627584,0.319569509467558,,,,,
AFC Bournemouth,Burnley,bournemouth,burnley,17,2025-10-26,0.43293112736050654,0.0037419907154496116,0.5633268819240438,,,,,
Aston Villa,Manchester United,aston villa,manchester united,17,2025-10-26,0.2920789846214472,0.10121373177762583,0.606707283600927,,,,,
Brighton and Hove Albion,Sunderland,brighton and hove albion,sunderland,17,2025-10-26,0.4540552021165298,0.24152409972909206,0.3044206981543782,,,,,
Everton,Arsenal,everton,arsenal,17,2025-10-26,0.4603059119952839,0.3100300937339371,0.2296639942707791,,,,,
Fulham,Nottingham Forest,fulham,nottingham forest,17,2025-10-26,0.697654635403465,0.2466763218848531,0.05566904271168192,,,,,
Leeds United,Crystal Palace,leeds united,crystal palace,17,2025-10-26,0.6254963689657945,0.06040351517948984,0.31410011585471553,,,,,
Manchester City,West Ham United,manchester city,west ham united,17,2025-10-26,0.9089667825192752,0.08890845168927976,0.0021247657914449736,,,,,
Newcastle United,Chelsea,newcastle united,chelsea,17,2025-10-26,0.11151097689505435,0.18744901606813508,0.7010400070368105,,,,,
Tottenham Hotspur,Liverpool,tottenham hotspur,liverpool,17,2025-10-26,0.34301198891185564,0.20419482636418015,0.45279318472396407,,,,,
Wolverhampton Wanderers,Brentford,wolverhampton wanderers,brentford,17,2025-10-26,0.2525561632110545,0.2516305220356121,0.49581331475333346,,,,,
Arsenal,Brighton and Hove Albion,arsenal,brighton and hove albion,18,2025-10-26,0.7172415241374216,0.06326259871103448,0.21949587715154403,,,,,
Brentford,AFC Bournemouth,brentford,bournemouth,18,2025-10-26,0.6579692067160905,0.28051860364025194,0.061512189643657615,,,,,
Burnley,Everton,burnley,everton,18,2025-10-26,0.5095135588055185,0.11649182532829133,0.37399461586619004,,,,,
Chelsea,Aston Villa,chelsea,aston villa,18,2025-10-26,0.7006153158886093,0.09988394165091115,0.1995007424604795,,,,,
Crystal Palace,Tottenham Hotspur,crystal palace,tottenham hotspur,18,2025-10-26,0.3396401831232169,0.1347500260933718,0.5256097907834113,,,,,
Liverpool,Wolverhampton Wanderers,liverpool,wolverhampton wanderers,18,2025-10-26,0.9920862921949444,0.0030260203900960864,0.004887687414959623,,,,,
Manchester United,Newcastle United,manchester united,newcastle united,18,2025-10-26,0.2554934073643674,0.47339114253069936,0.27111545010493326,,,,,
Nottingham Forest,Manchester City,nottingham forest,manchester city,18,2025-10-26,0.2257640806225689,0.02685642091043499,0.747379498466996,,,,,
Sunderland,Leeds United,sunderland,leeds united,18,2025-10-26,0.23983903013983843,0.34480362995076286,0.4153573399093987,,,,,
West Ham United,Fulham,west ham united,fulham,18,2025-10-26,0.4735283640830279,0.3024111890307553,0.22406044688621682,,,,,
Arsenal,Aston Villa,arsenal,aston villa,19,2025-10-26,0.5967751539803462,0.10045154412833732,0.3027733018913165,,,,,
Brentford,Tottenham Hotspur,brentford,tottenham hotspur,19,2025-10-26,0.32305143506639894,0.19141088934483727,0.48553767558876376,,,,,
Burnley,Newcastle United,burnley,newcastle united,19,2025-10-26,0.6497471867433904,0.09813305565950252,0.252119757597107,,,,,
Chelsea,AFC Bournemouth,chelsea,bournemouth,19,2025-10-26,0.5019211912473955,0.12392761874940865,0.37415119000319585,,,,,
Crystal Palace,Fulham,crystal palace,fulham,19,2025-10-26,0.16810804748882008,0.3363652450004864,0.4955267075106935,,,,,
Liverpool,Leeds United,liverpool,leeds united,19,2025-10-26,0.6787412702773545,0.17990885632478118,0.14134987339786437,,,,,
Manchester United,Wolverhampton Wanderers,manchester united,wolverhampton wanderers,19,2025-10-26,0.6521451477581596,0.34659150315084825,0.001263349090992202,,,,,
Nottingham Forest,Everton,nottingham forest,everton,19,2025-10-26,0.5490055882227842,0.12522598919655256,0.3257684225806633,,,,,
Sunderland,Manchester City,sunderland,manchester city,19,2025-10-26,0.3963873373278191,0.012126831215322728,0.5914858314568582,,,,,
West Ham United,Brighton and Hove Albion,west ham united,brighton and hove albion,19,2025-10-26,0.3260009262652104,0.14597157919401033,0.5280274945407794,,,,,
AFC Bournemouth,Arsenal,bournemouth,arsenal,20,2025-10-26,0.2454552654759218,0.24969882868717483,0.5048459058369034,,,,,
Aston Villa,Nottingham Forest,aston villa,nottingham forest,20,2025-10-26,0.6158491527128601,0.37185491108178836,0.012295936205351543,,,,,
Brighton and Hove Albion,Burnley,brighton and hove albion,burnley,20,2025-10-26,0.6382226079332468,0.3606122101584354,0.0011651819083178356,,,,,
Everton,Brentford,everton,brentford,20,2025-10-26,0.5042900583151623,0.25271479492118426,0.24299514676365355,,,,,
Fulham,Liverpool,fulham,liverpool,20,2025-10-26,0.15222786778501407,0.2927447568314755,0.5550273753835105,,,,,
Leeds United,Manchester United,leeds united,manchester united,20,2025-10-26,0.09878243182629992,0.048850192985916946,0.852367375187783,,,,,
Manchester City,Chelsea,manchester city,chelsea,20,2025-10-26,0.6163166320829735,0.15312221396351183,0.23056115395351465,,,,,
Newcastle United,Crystal Palace,newcastle united,crystal palace,20,2025-10-26,0.32995968609604015,0.3066460429224542,0.36339427098150573,,,,,
Tottenham Hotspur,Sunderland,tottenham hotspur,sunderland,20,2025-10-26,0.2535347979401194,0.32696601892231736,0.4194991831375633,,,,,
Wolverhampton Wanderers,West Ham United,wolverhampton wanderers,west ham united,20,2025-10-26,0.5259776813082657,0.28449504951549365,0.1895272691762407,,,,,
AFC Bournemouth,Tottenham Hotspur,bournemouth,tottenham hotspur,21,2025-10-26,0.41901002311934094,0.3995099737404239,0.18148000314023516,,,,,
Arsenal,Liverpool,arsenal,liverpool,21,2025-10-26,0.3877566206411392,0.38135585593903476,0.2308875234198261,,,,,
Brentford,Sunderland,brentford,sunderland,21,2025-10-26,0.4690389525083157,0.21860350443237866,0.31235754305930563,,,,,
Burnley,Manchester United,burnley,manchester united,21,2025-10-26,0.6265901418222696,0.06273736519967736,0.310672492978053,,,,,
Crystal Palace,Aston Villa,crystal palace,aston villa,21,2025-10-26,0.7773444548793126,0.00587980962611422,0.2167757354945732,,,,,
Everton,Wolverhampton Wanderers,everton,wolverhampton wanderers,21,2025-10-26,0.42293033329400603,0.013485799815372502,0.5635838668906215,,,,,
Fulham,Chelsea,fulham,chelsea,21,2025-10-26,0.12876917934996612,0.002291256132610084,0.8689395645174238,,,,,
Manchester City,Brighton and Hove Albion,manchester city,brighton and hove albion,21,2025-10-26,0.8798684922683421,0.043166056612416265,0.07696545111924152,,,,,
Newcastle United,Leeds United,newcastle united,leeds united,21,2025-10-26,0.6146516745484418,0.322098255846667,0.06325006960489107,,,,,
West Ham United,Nottingham Forest,west ham united,nottingham forest,21,2025-10-26,0.6415330714738068,0.33400557728334046,0.024461351242852807,,,,,
Aston Villa,Everton,aston villa,everton,22,2025-10-26,0.5939286703212214,0.10099901128401216,0.30507231839476656,,,,,
Brighton and Hove Albion,AFC Bournemouth,brighton and hove albion,bournemouth,22,2025-10-26,0.45318136988516716,0.21108085904502008,0.3357377710698127,,,,,
Chelsea,Brentford,chelsea,brentford,22,2025-10-26,0.24142179867418997,0.006770408674850818,0.7518077926509592,,,,,
Leeds United,Fulham,leeds united,fulham,22,2025-10-26,0.5501571518487403,0.3124806693504932,0.1373621788007666,,,,,
Liverpool,Burnley,liverpool,burnley,22,2025-10-26,0.6260526173196623,0.24867023456235277,0.12527714811798482,,,,,
Manchester United,Manchester City,manchester united,manchester city,22,2025-10-26,0.12761067869456597,0.020585633733864683,0.8518036875715694,,,,,
Nottingham Forest,Arsenal,nottingham forest,arsenal,22,2025-10-26,0.31708982794848434,0.05285163190834282,0.6300585401431729,,,,,
Sunderland,Crystal Palace,sunderland,crystal palace,22,2025-10-26,0.017483935125752584,0.4914139182293278,0.4911021466449197,,,,,
Tottenham Hotspur,West Ham United,tottenham hotspur,west ham united,22,2025-10-26,0.5409560121208726,0.21236002163640416,0.2466839662427232,,,,,
Wolverhampton Wanderers,Newcastle United,wolverhampton wanderers,newcastle united,22,2025-10-26,0.2664057031415297,0.1308481792724671,0.602746117586003,,,,,
AFC Bournemouth,Liverpool,bournemouth,liverpool,23,2025-10-26,0.24452014025881094,0.0039015316941996016,0.7515783280469894,,,,,
Arsenal,Manchester United,arsenal,manchester united,23,2025-10-26,0.923398984032574,0.027005522101761915,0.049595493865664024,,,,,
Brentford,Nottingham Forest,brentford,nottingham forest,23,2025-10-26,0.589095158383144,0.3953914594345476,0.015513382182308405,,,,,
Burnley,Tottenham Hotspur,burnley,tottenham hotspur,23,2025-10-26,0.10696681376311708,0.17349841750580994,0.719534768731073,,,,,
Crystal Palace,Chelsea,crystal palace,chelsea,23,2025-10-26,0.16598579386727616,0.08462947408344387,0.7493847320492799,,,,,
Everton,Leeds United,everton,leeds united,23,2025-10-26,0.6628610406034672,0.2671884078493151,0.06995055154721776,,,,,
Fulham,Brighton and Hove Albion,fulham,brighton and hove albion,23,2025-10-26,0.26941224241106304,0.10603563146126802,0.6245521261276689,,,,,
Manchester City,Wolverhampton Wanderers,manchester city,wolverhampton wanderers,23,2025-10-26,0.8431406930041375,0.0010811474209722913,0.15577815957489022,,,,,
Newcastle United,Aston Villa,newcastle united,aston villa,23,2025-10-26,0.5026646520774283,0.2917800252687592,0.2055553226538126,,,,,
West Ham United,Sunderland,west ham united,sunderland,23,2025-10-26,0.25706463923324385,0.3175956951743123,0.4253396655924438,,,,,
Aston Villa,Brentford,aston villa,brentford,24,2025-10-26,0.48426294934218106,0.4936997978399882,0.022037252817830855,,,,,
Brighton and Hove Albion,Everton,brighton and hove albion,everton,24,2025-10-26,0.6536857508428375,0.3342963690430874,0.012017880114075114,,,,,
Chelsea,West Ham United,chelsea,west ham united,24,2025-10-26,0.6669038767880806,0.22801845055814327,0.10507767265377609,,,,,
Leeds United,Arsenal,leeds united,arsenal,24,2025-10-26,0.13177555627864226,0.10224041357064836,0.7659840301507095,,,,,
Liverpool,Newcastle United,liverpool,newcastle united,24,2025-10-26,0.5444667591201454,0.04749946605299913,0.4080337748268555,,,,,
Manchester United,Fulham,manchester united,fulham,24,2025-10-26,0.4896513937833618,0.5075238765626703,0.0028247296539679343,,,,,
Nottingham Forest,Crystal Palace,nottingham forest,crystal palace,24,2025-10-26,0.373053164136417,0.09726242577076898,0.5296844100928141,,,,,
Sunderland,Burnley,sunderland,burnley,24,2025-10-26,0.5178462640602272,0.41561987967034986,0.066533856269423,,,,,
Tottenham Hotspur,Manchester City,tottenham hotspur,manchester city,24,2025-10-26,0.20714995493400623,0.030973686268103717,0.7618763587978901,,,,,
Wolverhampton Wanderers,AFC Bournemouth,wolverhampton wanderers,bournemouth,24,2025-10-26,0.40111169333094504,0.01052324079328423,0.5883650658757708,,,,,
AFC Bournemouth,Aston Villa,bournemouth,aston villa,25,2025-10-26,0.4020135468102205,0.1999029216965147,0.39808353149326475,,,,,
Arsenal,Sunderland,arsenal,sunderland,25,2025-10-26,0.5952483989092604,0.38583220941981583,0.01891939167092368,,,,,
Brighton and Hove Albion,Crystal Palace,brighton and hove albion,crystal palace,25,2025-10-26,0.7127260135604203,0.15080525628348626,0.1364687301560934,,,,,
Burnley,West Ham United,burnley,west ham united,25,2025-10-26,0.27283015492768564,0.08615566338879634,0.6410141816835179,,,,,
Fulham,Everton,fulham,everton,25,2025-10-26,0.14812072167144824,0.430473971085725,0.4214053072428267,,,,,
Leeds United,Nottingham Forest,leeds united,nottingham forest,25,2025-10-26,0.46437761465010796,0.09559945828368348,0.44002292706620855,,,,,
Liverpool,Manchester City,liverpool,manchester city,25,2025-10-26,0.6140150643691167,0.308517958006042,0.07746697762484135,,,,,
Manchester United,Tottenham Hotspur,manchester united,tottenham hotspur,25,2025-10-26,0.6759056173318825,0.3116456967952124,0.012448685872905102,,,,,
Newcastle United,Brentford,newcastle united,brentford,25,2025-10-26,0.32111407153293103,0.21026912921248733,0.46861679925458155,,,,,
Wolverhampton Wanderers,Chelsea,wolverhampton wanderers,chelsea,25,2025-10-26,0.5733217054197003,0.14438833374470977,0.2822899608355899,,,,,
Aston Villa,Brighton and Hove Albion,aston villa,brighton and hove albion,26,2025-10-26,0.5390105362666239,0.15942922516269728,0.3015602385706788,,,,,
Brentford,Arsenal,brentford,arsenal,26,2025-10-26,0.2422626261933352,0.006397323802889771,0.7513400500037749,,,,,
Chelsea,Leeds United,chelsea,leeds united,26,2025-10-26,0.9283644914344991,0.07160349163070537,3.201693479556716e-05,,,,,
Crystal Palace,Burnley,crystal palace,burnley,26,2025-10-26,0.38060868375256773,0.24667709420689188,0.3727142220405404,,,,,
Everton,AFC Bournemouth,everton,bournemouth,26,2025-10-26,0.7429056123693742,0.0018610648065487388,0.25523332282407707,,,,,
Manchester City,Fulham,manchester city,fulham,26,2025-10-26,0.9909053266344531,0.008873246145033572,0.00022142722051332804,,,,,
Nottingham Forest,Wolverhampton Wanderers,nottingham forest,wolverhampton wanderers,26,2025-10-26,0.5168810102325455,0.08962610247147984,0.3934928872959746,,,,,
Sunderland,Liverpool,sunderland,liverpool,26,2025-10-26,0.016422558576746023,0.4020756283155832,0.5815018131076708,,,,,
Tottenham Hotspur,Newcastle United,tottenham hotspur,newcastle united,26,2025-10-26,0.26952951455731705,0.06407689267060841,0.6663935927720746,,,,,
West Ham United,Manchester United,west ham united,manchester united,26,2025-10-26,0.2874391511693022,0.08720003261821377,0.6253608162124841,,,,,
Aston Villa,Leeds United,aston villa,leeds united,27,2025-10-26,0.4801662317126782,0.21612007422923002,0.3037136940580919,,,,,
Brentford,Brighton and Hove Albion,brentford,brighton and hove albion,27,2025-10-26,0.41940355705725524,0.29588133169315517,0.28471511124958954,,,,,
Chelsea,Burnley,chelsea,burnley,27,2025-10-26,0.3767174631333369,0.5025764065686475,0.1207061302980155,,,,,
Crystal Palace,Wolverhampton Wanderers,crystal palace,wolverhampton wanderers,27,2025-10-26,0.7189354477060418,0.14202846062424457,0.1390360916697135,,,,,
Everton,Manchester United,everton,manchester united,27,2025-10-26,0.3968476688992509,0.03282029070107237,0.5703320403996767,,,,,
Manchester City,Newcastle United,manchester city,newcastle united,27,2025-10-26,0.6153848717347595,0.20604985465256184,0.1785652736126786,,,,,
Nottingham Forest,Liverpool,nottingham forest,liverpool,27,2025-10-26,0.16170337185715947,0.05481523593844676,0.7834813922043937,,,,,
Sunderland,Fulham,sunderland,fulham,27,2025-10-26,0.14371962435780195,0.38518212799096496,0.4710982476512331,,,,,
Tottenham Hotspur,Arsenal,tottenham hotspur,arsenal,27,2025-10-26,0.2203151157947042,0.030451929286983172,0.7492329549183127,,,,,
West Ham United,AFC Bournemouth,west ham united,bournemouth,27,2025-10-26,0.489253857169304,0.21841449409614005,0.29233164873455597,,,,,
AFC Bournemouth,Sunderland,bournemouth,sunderland,28,2025-10-26,0.4858202039644049,0.02302012565996267,0.4911596703756323,,,,,
Arsenal,Chelsea,arsenal,chelsea,28,2025-10-26,0.4588238442812187,0.2343478139718246,0.3068283417469567,,,,,
Brighton and Hove Albion,Nottingham Forest,brighton and hove albion,nottingham forest,28,2025-10-26,0.6828700504755577,0.30392603652671474,0.01320391299772753,,,,,
Burnley,Brentford,burnley,brentford,28,2025-10-26,0.9711552710421134,0.015494666490369378,0.013350062467517215,,,,,
Fulham,Tottenham Hotspur,fulham,tottenham hotspur,28,2025-10-26,0.21604716599746832,0.13100483831050236,0.6529479956920293,,,,,
Leeds United,Manchester City,leeds united,manchester city,28,2025-10-26,0.07111155055597809,0.010465722730195559,0.9184227267138264,,,,,
Liverpool,West Ham United,liverpool,west ham united,28,2025-10-26,0.8062414483074289,0.01735824714369694,0.176400304548874,,,,,
Manchester United,Crystal Palace,manchester united,crystal palace,28,2025-10-26,0.48612022305602204,0.17934278057463113,0.33453699636934686,,,,,
Newcastle United,Everton,newcastle united,everton,28,2025-10-26,0.32064561280596604,0.16239139687648524,0.5169629903175487,,,,,
Wolverhampton Wanderers,Aston Villa,wolverhampton wanderers,aston villa,28,2025-10-26,0.6624503851510698,0.15913689744622111,0.1784127174027091,,,,,
AFC Bournemouth,Brentford,bournemouth,brentford,29,2025-10-26,0.029717321084636966,0.3142224554732472,0.6560602234421159,,,,,
Aston Villa,Chelsea,aston villa,chelsea,29,2025-10-26,0.3015646466091028,0.10223684520957112,0.5961985081813261,,,,,
Brighton and Hove Albion,Arsenal,brighton and hove albion,arsenal,29,2025-10-26,0.6759102035749502,0.19614425842008087,0.1279455380049689,,,,,
Everton,Burnley,everton,burnley,29,2025-10-26,0.7437585349344704,0.008939063929853565,0.24730240113567611,,,,,
Fulham,West Ham United,fulham,west ham united,29,2025-10-26,0.5002834385031146,0.10626944492504503,0.3934471165718403,,,,,
Leeds United,Sunderland,leeds united,sunderland,29,2025-10-26,0.4837403181654415,0.21559606163692377,0.30066362019763476,,,,,
Manchester City,Nottingham Forest,manchester city,nottingham forest,29,2025-10-26,0.9031524094357,0.09604108413134649,0.0008065064329536105,,,,,
Newcastle United,Manchester United,newcastle united,manchester united,29,2025-10-26,0.29872559538987653,0.07354739304156946,0.6277270115685539,,,,,
Tottenham Hotspur,Crystal Palace,tottenham hotspur,crystal palace,29,2025-10-26,0.397881922176756,0.04533948275173608,0.556778595071508,,,,,
Wolverhampton Wanderers,Liverpool,wolverhampton wanderers,liverpool,29,2025-10-26,0.15229779478460845,0.00985265142444301,0.8378495537909486,,,,,
Arsenal,Everton,arsenal,everton,30,2025-10-26,0.6906434918896207,0.23340544109369252,0.0759510670166868,,,,,
Brentford,Wolverhampton Wanderers,brentford,wolverhampton wanderers,30,2025-10-26,0.25404923636390603,0.25381950517260427,0.4921312584634896,,,,,
Burnley,AFC Bournemouth,burnley,bournemouth,30,2025-10-26,0.5873969719537216,0.009729616856996748,0.4028734111892816,,,,,
Chelsea,Newcastle United,chelsea,newcastle united,30,2025-10-26,0.6326259925519008,0.11599123848892538,0.2513827689591738,,,,,
Crystal Palace,Leeds United,crystal palace,leeds united,30,2025-10-26,0.3898272939465776,0.3225409054851737,0.2876318005682487,,,,,
Liverpool,Tottenham Hotspur,liverpool,tottenham hotspur,30,2025-10-26,0.5297280688822118,0.017531719418167883,0.4527402116996203,,,,,
Manchester United,Aston Villa,manchester united,aston villa,30,2025-10-26,0.41210730970158577,0.21454320693413267,0.3733494833642814,,,,,
Nottingham Forest,Fulham,nottingham forest,fulham,30,2025-10-26,0.7277142560991295,0.040250420384603934,0.23203532351626655,,,,,
Sunderland,Brighton and Hove Albion,sunderland,brighton and hove albion,30,2025-10-26,0.4490546529472507,0.24179530430547833,0.30915004274727104,,,,,
West Ham United,Manchester City,west ham united,manchester city,30,2025-10-26,0.20910968771174082,0.011990519349426854,0.7788997929388324,,,,,
AFC Bournemouth,Manchester United,bournemouth,manchester united,31,2025-10-26,0.17733552932282742,0.0750203941662004,0.7476440765109721,,,,,
Aston Villa,West Ham United,aston villa,west ham united,31,2025-10-26,0.5560889106839328,0.14595023200532461,0.29796085731074257,,,,,
Brighton and Hove Albion,Liverpool,brighton and hove albion,liverpool,31,2025-10-26,0.8334658082539474,0.11679985976010124,0.049734331985951244,,,,,
Everton,Chelsea,everton,chelsea,31,2025-10-26,0.5371952426093008,0.15311106504787586,0.3096936923428232,,,,,
Fulham,Burnley,fulham,burnley,31,2025-10-26,0.30770683087609013,0.029215309885586113,0.6630778592383237,,,,,
Leeds United,Brentford,leeds united,brentford,31,2025-10-26,0.24743416702558707,0.12027875131918989,0.6322870816552231,,,,,
Manchester City,Crystal Palace,manchester city,crystal palace,31,2025-10-26,0.6633205228734617,0.17088706067415885,0.1657924164523795,,,,,
Newcastle United,Sunderland,newcastle united,sunderland,31,2025-10-26,0.27377450587161606,0.25022955282017684,0.47599594130820716,,,,,
Tottenham Hotspur,Nottingham Forest,tottenham hotspur,nottingham forest,31,2025-10-26,0.5544100545004832,0.4340972964418122,0.011492649057704649,,,,,
Wolverhampton Wanderers,Arsenal,wolverhampton wanderers,arsenal,31,2025-10-26,0.28245766514775006,0.0008878182696753692,0.7166545165825745,,,,,
Arsenal,AFC Bournemouth,arsenal,bournemouth,32,2025-10-26,0.8805723242250802,0.0012530720803165087,0.1181746036946031,,,,,
Brentford,Everton,brentford,everton,32,2025-10-26,0.24912319820054799,0.5159886646315295,0.2348881371679225,,,,,
Burnley,Brighton and Hove Albion,burnley,brighton and hove albion,32,2025-10-26,0.14255304997032556,0.061811439437456914,0.7956355105922176,,,,,
Chelsea,Manchester City,chelsea,manchester city,32,2025-10-26,0.30843077331138796,0.22874117607219782,0.4628280506164143,,,,,
Crystal Palace,Newcastle United,crystal palace,newcastle united,32,2025-10-26,0.3881077263666546,0.30682389153248124,0.30506838210086423,,,,,
Liverpool,Fulham,liverpool,fulham,32,2025-10-26,0.7177491804990463,0.15020105642388454,0.13204976307706923,,,,,
Manchester United,Leeds United,manchester united,leeds united,32,2025-10-26,0.5789947521331669,0.42073468485812465,0.0002705630087084561,,,,,
Nottingham Forest,Aston Villa,nottingham forest,aston villa,32,2025-10-26,0.3696136733201472,0.34985577370449855,0.28053055297535423,,,,,
Sunderland,Tottenham Hotspur,sunderland,tottenham hotspur,32,2025-10-26,0.4804706307638578,0.22966726350536817,0.28986210573077403,,,,,
West Ham United,Wolverhampton Wanderers,west ham united,wolverhampton wanderers,32,2025-10-26,0.4070707789630856,0.32443380247853154,0.2684954185583829,,,,,
Aston Villa,Sunderland,aston villa,sunderland,33,2025-10-26,0.20945162362930683,0.7411642730291385,0.049384103341554624,,,,,
Brentford,Fulham,brentford,fulham,33,2025-10-26,0.301962315941262,0.33480996707084465,0.3632277169878933,,,,,
Chelsea,Manchester United,chelsea,manchester united,33,2025-10-26,0.86060489074823,0.023571037782528736,0.11582407146924131,,,,,
Crystal Palace,West Ham United,crystal palace,west ham united,33,2025-10-26,0.5649038649761253,0.28405913594550025,0.15103699907837448,,,,,
Everton,Liverpool,everton,liverpool,33,2025-10-26,0.07554994904275159,0.7674917900591735,0.15695826089807494,,,,,
Leeds United,Wolverhampton Wanderers,leeds united,wolverhampton wanderers,33,2025-10-26,0.4348082867882245,0.2539330999282504,0.3112586132835253,,,,,
Manchester City,Arsenal,manchester city,arsenal,33,2025-10-26,0.6122015576690785,0.3063021599906142,0.08149628234030733,,,,,
Newcastle United,AFC Bournemouth,newcastle united,bournemouth,33,2025-10-26,0.40580043117265774,0.23235050439045038,0.3618490644368919,,,,,
Nottingham Forest,Burnley,nottingham forest,burnley,33,2025-10-26,0.9463251840310694,0.019109822248924893,0.0345649937200058,,,,,
Tottenham Hotspur,Brighton and Hove Albion,tottenham hotspur,brighton and hove albion,33,2025-10-26,0.19818464693202617,0.054427024564358606,0.7473883285036153,,,,,
AFC Bournemouth,Leeds United,bournemouth,leeds united,34,2025-10-26,0.9096763595109707,0.08766043467442722,0.0026632058146019203,,,,,
Arsenal,Newcastle United,arsenal,newcastle united,34,2025-10-26,0.5479324638258871,0.08946633806640102,0.36260119810771185,,,,,
Brighton and Hove Albion,Chelsea,brighton and hove albion,chelsea,34,2025-10-26,0.2655609801795725,0.16908704213373718,0.5653519776866903,,,,,
Burnley,Manchester City,burnley,manchester city,34,2025-10-26,0.11934434024861743,0.12712004412066635,0.7535356156307162,,,,,
Fulham,Aston Villa,fulham,aston villa,34,2025-10-26,0.4930769614465278,0.005362663805158646,0.5015603747483135,,,,,
Liverpool,Crystal Palace,liverpool,crystal palace,34,2025-10-26,0.4971610482977983,0.16572994730046575,0.33710900440173597,,,,,
Manchester United,Brentford,manchester united,brentford,34,2025-10-26,0.5234343720934522,0.46851667083946263,0.008048957067085067,,,,,
Sunderland,Nottingham Forest,sunderland,nottingham forest,34,2025-10-26,0.25706463923324385,0.3175956951743123,0.4253396655924438,,,,,
West Ham United,Everton,west ham united,everton,34,2025-10-26,0.49332416480940605,0.15578563524092523,0.35089019994966864,,,,,
Wolverhampton Wanderers,Tottenham Hotspur,wolverhampton wanderers,tottenham hotspur,34,2025-10-26,0.21943528266348433,0.2537548817338983,0.5268098356026174,,,,,
AFC Bournemouth,Crystal Palace,bournemouth,crystal palace,35,2025-10-26,0.24232821141444766,0.3789859271230768,0.37868586146247557,,,,,
Arsenal,Fulham,arsenal,fulham,35,2025-10-26,0.5739885940880405,0.42368889791795605,0.0023225079940034365,,,,,
Aston Villa,Tottenham Hotspur,aston villa,tottenham hotspur,35,2025-10-26,0.45168877705300825,0.23927354652382166,0.3090376764231701,,,,,
Brentford,West Ham United,brentford,west ham united,35,2025-10-26,0.5610919532239893,0.07350029795761834,0.3654077488183924,,,,,
Chelsea,Nottingham Forest,chelsea,nottingham forest,35,2025-10-26,0.6528033022810047,0.3387118643183641,0.008484833400631248,,,,,
Everton,Manchester City,everton,manchester city,35,2025-10-26,0.15253162324935213,0.08050850372781777,0.7669598730228301,,,,,
Leeds United,Burnley,leeds united,burnley,35,2025-10-26,0.5150252976990696,0.14873169400224512,0.3362430082986853,,,,,
Manchester United,Liverpool,manchester united,liverpool,35,2025-10-26,0.4831812937730344,0.24779159895858147,0.269027107268384,,,,,
Newcastle United,Brighton and Hove Albion,newcastle united,brighton and hove albion,35,2025-10-26,0.32524377318062536,0.2736392140883444,0.4011170127310303,,,,,
Wolverhampton Wanderers,Sunderland,wolverhampton wanderers,sunderland,35,2025-10-26,0.5948043638846857,0.012690335785530436,0.3925053003297838,,,,,
Brighton and Hove Albion,Wolverhampton Wanderers,brighton and hove albion,wolverhampton wanderers,36,2025-10-26,0.6829952236938481,0.30677409409766593,0.010230682208485786,,,,,
Burnley,Aston Villa,burnley,aston villa,36,2025-10-26,0.18993456903936418,0.19558545222969442,0.6144799787309414,,,,,
Crystal Palace,Everton,crystal palace,everton,36,2025-10-26,0.08209857578568458,0.4966964164335975,0.42120500778071773,,,,,
Fulham,AFC Bournemouth,fulham,bournemouth,36,2025-10-26,0.25703544676750456,0.49101768484754515,0.25194686838495023,,,,,
Liverpool,Chelsea,liverpool,chelsea,36,2025-10-26,0.30926299001470753,0.4617263943479692,0.2290106156373234,,,,,
Manchester City,Brentford,manchester city,brentford,36,2025-10-26,0.7572886681753237,0.0006746085539575876,0.24203672327071873,,,,,
Nottingham Forest,Newcastle United,nottingham forest,newcastle united,36,2025-10-26,0.7021776767563422,0.17311389401586175,0.12470842922779607,,,,,
Sunderland,Manchester United,sunderland,manchester united,36,2025-10-26,0.45323636195126227,0.2410885367560959,0.30567510129264186,,,,,
Tottenham Hotspur,Leeds United,tottenham hotspur,leeds united,36,2025-10-26,0.3256880266072677,0.31967868921185916,0.3546332841808732,,,,,
West Ham United,Arsenal,west ham united,arsenal,36,2025-10-26,0.24289133524281403,0.01573345430712478,0.7413752104500612,,,,,
AFC Bournemouth,Manchester City,bournemouth,manchester city,37,2025-10-26,0.12816811581160703,0.003488791072595143,0.8683430931157978,,,,,
Arsenal,Burnley,arsenal,burnley,37,2025-10-26,0.7537149065834938,0.12344733047289898,0.12283776294360708,,,,,
Aston Villa,Liverpool,aston villa,liverpool,37,2025-10-26,0.10083445815084204,0.1983073293969075,0.7008582124522506,,,,,
Brentford,Crystal Palace,brentford,crystal palace,37,2025-10-26,0.23144808159902094,0.7294563740823949,0.039095544318584294,,,,,
Chelsea,Tottenham Hotspur,chelsea,tottenham hotspur,37,2025-10-26,0.7113436501343278,0.16154382495391925,0.1271125249117529,,,,,
Everton,Sunderland,everton,sunderland,37,2025-10-26,0.5996335013900436,0.010293728821996148,0.3900727697879602,,,,,
Leeds United,Brighton and Hove Albion,leeds united,brighton and hove albion,37,2025-10-26,0.5975061664933943,0.03876351702134164,0.3637303164852642,,,,,
Manchester United,Nottingham Forest,manchester united,nottingham forest,37,2025-10-26,0.653194322632773,0.33079425846654503,0.016011418900682084,,,,,
Newcastle United,West Ham United,newcastle united,west ham united,37,2025-10-26,0.30963660424103584,0.1471285393128237,0.5432348564461404,,,,,
Wolverhampton Wanderers,Fulham,wolverhampton wanderers,fulham,37,2025-10-26,0.5973024364182367,0.20626170247479525,0.19643586110696817,,,,,
Brighton and Hove Albion,Manchester United,brighton and hove albion,manchester united,38,2025-10-26,0.4303364971855036,0.15054792931514674,0.41911557349934964,,,,,
Burnley,Wolverhampton Wanderers,burnley,wolverhampton wanderers,38,2025-10-26,0.5937878326113174,0.386375911989874,0.019836255398808587,,,,,
Crystal Palace,Arsenal,crystal palace,arsenal,38,2025-10-26,0.16552505061773937,0.16795248613208014,0.6665224632501806,,,,,
Fulham,Newcastle United,fulham,newcastle united,38,2025-10-26,0.2518321850957953,0.07690220541890797,0.6712656094852967,,,,,
Liverpool,Brentford,liverpool,brentford,38,2025-10-26,0.9888908378427159,0.001778902039186116,0.009330260118097851,,,,,
Manchester City,Aston Villa,manchester city,aston villa,38,2025-10-26,0.9993540864156819,5.212754257529202e-05,0.0005937860417429736,,,,,
Nottingham Forest,AFC Bournemouth,nottingham forest,bournemouth,38,2025-10-26,0.5291447947660661,0.1244284398304517,0.34642676540348216,,,,,
Sunderland,Chelsea,sunderland,chelsea,38,2025-10-26,0.20135457790257658,0.19676693788549604,0.6018784842119274,,,,,
Tottenham Hotspur,Everton,tottenham hotspur,everton,38,2025-10-26,0.3710297420139244,0.26589763837639835,0.36307261960967724,,,,,
West Ham United,Leeds United,west ham united,leeds united,38,2025-10-26,0.20271411308017756,0.1612571866362846,0.6360287002835378,,,,,
